,Location,Period,"Medical Doctors per 10,000","Nurses and Midwifes per 10,000","Pharmacists per 10,000","Dentists per 10,000"
0,Central African Republic,2023,0.74,10.97,0.03,0.01
1,Chad,2023,0.85,1.67,0.08,0.01
2,Senegal,2023,1.09,4.24,0.2,0.11
3,Cote d'Ivoire,2023,1.66,7.93,0.39,0.14
4,Nepal,2023,10.11,40.92,2.25,1.64
5,Sri Lanka,2023,11.36,22.58,1.09,0.96
6,Peru,2023,16.88,27.38,1.65,2.15
7,Iran (Islamic Republic of),2023,18.11,28.76,3.36,5.26
8,Kyrgyzstan,2023,18.5,40.76,0.25,1.56
9,Turkmenistan,2023,19.3,34.88,1.39,1.24
10,Benin,2023,2.16,6.11,0.31,0.05
11,Solomon Islands,2023,2.38,20.01,0.78,0.51
12,Malaysia,2023,23.41,40.54,6.26,4.06
13,Brazil,2023,23.57,55.02,4.14,7.45
14,Dominican Republic,2023,24.26,20.6,0.19,2.69
15,Colombia,2023,25.35,15.41,1.84,8.68
16,Montenegro,2023,27.83,60.8,2.75,0.58
17,Botswana,2023,3.79,30.18,0.53,0.36
18,Qatar,2023,30.22,84.89,12.44,7.39
19,Chile,2023,33.34,54.54,7.27,16.77
20,Saudi Arabia,2023,34.06,65.57,11.07,7.81
21,Kazakhstan,2023,37.54,64.9,3.21,2.13
22,Israel,2023,37.97,58.99,8.64,8.97
23,Ireland,2023,38.75,147.77,11.05,4.75
24,Republic of Moldova,2023,40.16,63.17,1.06,4.98
25,Iceland,2023,43.73,158.64,11.04,7.84
26,San Marino,2023,46.29,94.36,10.98,7.42
27,Belarus,2023,47.17,108.15,4.5,6.09
28,Norway,2023,49.75,165.09,2.81,8.79
29,Indonesia,2023,5.24,32.4,1.97,1.03
30,Eswatini,2023,5.57,42.6,0.34,0.28
31,Andorra,2023,50.68,47.22,9.77,12.11
32,Argentina,2023,51.06,47.49,5.8,10.86
33,Bangladesh,2023,7.22,6.64,1.1,0.76
34,Cabo Verde,2023,7.3,17.98,0.19,0.15
35,Niger,2022,0.28,2.13,0.02,0.01
36,Central African Republic,2022,0.29,4.99,0.01,0.01
37,South Sudan,2022,0.41,6.91,0.15,0.03
38,Malawi,2022,0.54,5.07,0.06,0.05
39,Burundi,2022,0.78,7.4,0.09,0.01
40,Togo,2022,0.8,4.94,0.28,0.02
41,Chad,2022,0.82,2.08,0.1,0.01
42,Eritrea,2022,0.88,15.43,0.67,0.2
43,Rwanda,2022,0.9,11.06,0.06,0.2
44,Gambia,2022,1.04,6.88,0.02,0.03
45,Ethiopia,2022,1.05,12.22,1.36,0.28
46,Senegal,2022,1.24,4.27,0.2,0.13
47,Zimbabwe,2022,1.27,30.71,1.18,0.13
48,Sierra Leone,2022,1.34,11.63,0.11,0.02
49,United Republic of Tanzania,2022,1.34,4.94,0.35,0.12
50,Cameroon,2022,1.36,6.59,0.22,0.12
51,Ghana,2022,1.43,44.67,1.73,0.07
52,Burkina Faso,2022,1.48,10.97,0.37,0.05
53,Cote d'Ivoire,2022,1.62,6.88,0.38,0.14
54,Yemen,2022,1.65,6.87,0.53,0.19
55,Madagascar,2022,1.72,2.81,0.01,0.08
56,Congo,2022,1.73,11.21,0.05,0.02
57,Mozambique,2022,1.75,9.34,0.15,0.11
58,Liberia,2022,1.78,10.07,0.32,0.02
59,Benin,2022,1.9,5.78,0.28,0.04
60,Mali,2022,1.91,4.16,0.75,0.01
61,Uganda,2022,1.91,22.65,0.36,0.11
62,Iraq,2022,10.22,26.48,6.19,5.02
63,Mauritius,2022,14.36,40.48,0.32,3.24
64,El Salvador,2022,15.66,21.79,1.25,1.55
65,Panama,2022,16.25,33.45,2.18,2.8
66,Peru,2022,16.49,27.01,1.53,2.11
67,Algeria,2022,16.6,25.08,3.0,3.57
68,Kyrgyzstan,2022,18.72,37.89,0.25,1.54
69,Turkmenistan,2022,19.16,35.09,1.41,1.24
70,Oman,2022,19.92,46.61,7.01,3.59
71,Democratic Republic of the Congo,2022,2.08,11.68,0.09,0.04
72,Guinea,2022,2.1,4.21,0.18,0.03
73,Lesotho,2022,2.35,17.56,1.12,0.37
74,Kenya,2022,2.36,20.24,0.25,0.25
75,Angola,2022,2.44,18.73,0.4,0.07
76,Guinea-Bissau,2022,2.52,9.9,0.01,0.1
77,Mauritania,2022,2.61,16.09,0.2,0.31
78,Dominican Republic,2022,22.34,20.78,1.52,2.52
79,Türkiye,2022,22.36,34.83,4.48,4.87
80,Malaysia,2022,22.9,40.26,5.7,3.87
81,Republic of Korea,2022,26.1,90.86,8.04,5.41
82,Japan,2022,26.49,129.78,20.26,8.16
83,Costa Rica,2022,26.87,30.71,12.09,10.89
84,Montenegro,2022,28.08,61.15,2.42,0.6
85,Singapore,2022,28.34,65.59,6.65,4.61
86,Jordan,2022,28.51,30.91,20.3,7.94
87,United Arab Emirates,2022,29.15,61.87,13.59,8.29
88,North Macedonia,2022,29.44,55.15,5.95,9.24
89,Zambia,2022,3.24,29.36,0.71,0.15
90,Nigeria,2022,3.86,16.47,0.82,0.23
91,Serbia,2022,30.99,66.89,1.55,2.47
92,United Kingdom of Great Britain and Northern Ireland,2022,31.43,90.61,8.97,4.88
93,Chile,2022,31.78,49.81,6.68,15.83
94,Azerbaijan,2022,31.85,55.78,0.62,3.38
95,Armenia,2022,33.6,47.47,0.39,3.59
96,Ireland,2022,33.62,140.93,11.19,4.56
97,Slovenia,2022,33.67,105.63,7.34,7.43
98,Latvia,2022,33.98,43.74,8.84,7.08
99,Poland,2022,34.24,63.25,7.41,9.09
100,Hungary,2022,34.56,56.65,8.4,7.43
101,Estonia,2022,34.69,69.62,7.13,10.18
102,Saudi Arabia,2022,34.82,62.33,10.58,7.43
103,Cyprus,2022,35.56,38.94,7.27,8.19
104,Belgium,2022,35.74,208.937,13.29,7.58
105,New Zealand,2022,36.11,118.63,7.09,5.09
106,Romania,2022,36.25,82.53,11.79,11.4
107,United States of America,2022,36.81,133.76,11.13,6.0
108,Israel,2022,36.86,58.22,7.47,9.01
109,Slovakia,2022,36.97,60.14,8.47,5.43
110,Kazakhstan,2022,37.19,67.12,3.14,2.21
111,Netherlands (Kingdom of the),2022,38.76,116.65,2.17,5.67
112,Paraguay,2022,38.93,94.09,6.73,13.41
113,Croatia,2022,39.09,79.99,8.78,9.46
114,Botswana,2022,4.07,32.9,0.59,0.41
115,Comoros,2022,4.24,16.44,0.48,0.38
116,Sao Tome and Principe,2022,4.64,21.65,1.64,0.27
117,Australia,2022,40.86,134.5,9.37,6.41
118,Republic of Moldova,2022,41.45,64.03,1.1,5.11
119,Italy,2022,41.91,67.55,13.42,8.82
120,Spain,2022,42.94,64.06,12.29,6.03
121,Bulgaria,2022,43.28,47.04,8.91,11.23
122,Czechia,2022,43.52,95.3,7.18,7.39
123,Iceland,2022,44.4,156.39,10.94,7.91
124,Lithuania,2022,44.66,78.43,9.74,11.02
125,Germany,2022,45.34,122.49,6.71,8.48
126,San Marino,2022,46.63,86.8,10.56,7.33
127,Belarus,2022,46.69,107.28,4.51,5.87
128,Uruguay,2022,46.74,73.86,0.65,2.49
129,Norway,2022,49.08,160.93,6.25,8.78
130,Gabon,2022,5.21,23.7,0.77,0.18
131,Bhutan,2022,5.53,20.52,0.68,0.97
132,Namibia,2022,5.53,53.86,2.27,0.78
133,Eswatini,2022,5.61,43.65,0.23,0.28
134,Andorra,2022,51.57,46.68,9.79,11.67
135,Austria,2022,54.32,112.8,7.63,6.14
136,Argentina,2022,54.37,47.72,6.16,9.68
137,Georgia,2022,55.38,59.0,0.92,7.62
138,Portugal,2022,58.51,78.52,10.17,12.05
139,Indonesia,2022,6.81,41.23,1.14,1.46
140,Greece,2022,65.76,41.14,10.82,13.35
141,Seychelles,2022,65.98,72.91,2.79,3.51
142,Bangladesh,2022,7.17,6.22,1.09,0.75
143,Cabo Verde,2022,7.18,18.28,0.19,0.15
144,South Africa,2022,7.94,63.93,2.7,0.22
145,Malta,2022,78.55,83.4,15.26,5.11
146,Central African Republic,2021,0.22,2.04,0.0,0.0
147,Chad,2021,0.56,1.91,0.08,0.01
148,Togo,2021,0.57,3.86,0.02,0.02
149,Papua New Guinea,2021,0.63,5.08,0.08,0.05
150,Burundi,2021,0.76,9.63,0.05,0.01
151,Mozambique,2021,0.82,5.74,0.13,0.11
152,Eritrea,2021,0.85,14.17,0.62,0.18
153,Senegal,2021,0.99,5.35,0.17,0.1
154,Burkina Faso,2021,1.01,9.2,0.31,0.05
155,Gambia,2021,1.04,6.92,0.02,0.04
156,Rwanda,2021,1.21,9.5,0.06,0.21
157,Cameroon,2021,1.26,1.95,0.1,0.05
158,Cote d'Ivoire,2021,1.67,6.76,0.37,0.15
159,Liberia,2021,1.69,4.86,0.24,0.01
160,Democratic Republic of the Congo,2021,1.71,10.47,0.07,0.03
161,Yemen,2021,1.74,6.11,0.49,0.17
162,Sri Lanka,2021,11.44,23.4,1.02,1.01
163,Bolivia (Plurinational State of),2021,12.84,16.24,2.41,2.29
164,Tunisia,2021,13.15,21.61,2.42,3.68
165,Suriname,2021,14.66,29.31,0.81,0.7
166,Syrian Arab Republic,2021,15.21,17.57,16.31,10.22
167,Peru,2021,16.73,26.57,1.55,2.18
168,Panama,2021,17.37,37.57,2.3,2.88
169,Brunei Darussalam,2021,18.86,66.17,2.1,2.35
170,Turkmenistan,2021,19.17,35.02,1.51,1.24
171,Kyrgyzstan,2021,19.78,39.98,0.31,1.71
172,Benin,2021,2.05,5.64,0.3,0.04
173,Mauritania,2021,2.19,15.65,0.16,0.26
174,Guinea-Bissau,2021,2.2,10.54,0.01,0.01
175,Zambia,2021,2.95,18.51,0.7,0.14
176,Oman,2021,20.06,45.27,6.2,3.61
177,Dominican Republic,2021,20.29,20.17,1.46,2.21
178,Türkiye,2021,21.18,33.49,4.29,4.6
179,Brazil,2021,21.91,56.38,3.43,6.83
180,Malaysia,2021,22.68,39.68,5.42,3.67
181,Colombia,2021,24.67,14.58,1.86,8.32
182,Republic of Korea,2021,25.17,89.12,7.79,5.3
183,Costa Rica,2021,25.64,30.96,11.78,10.73
184,Singapore,2021,27.81,63.13,6.55,4.48
185,United Arab Emirates,2021,27.86,61.09,12.75,7.64
186,Montenegro,2021,28.78,59.02,2.43,0.6
187,El Salvador,2021,29.4,26.6,5.42,8.55
188,Chile,2021,29.79,46.1,6.32,14.83
189,Nigeria,2021,3.86,11.05,0.79,0.22
190,Serbia,2021,30.29,65.93,1.58,2.45
191,Azerbaijan,2021,31.23,55.73,0.6,3.22
192,United Kingdom of Great Britain and Northern Ireland,2021,31.6,91.15,8.4,5.12
193,Saudi Arabia,2021,32.0,64.32,9.84,7.26
194,Paraguay,2021,32.52,90.57,5.52,12.84
195,Armenia,2021,32.55,48.45,0.64,2.93
196,France,2021,32.64,94.22,9.38,6.79
197,Hungary,2021,32.99,55.22,8.14,7.1
198,Slovenia,2021,33.35,106.22,7.39,7.46
199,Cyprus,2021,33.55,37.87,6.67,7.58
200,Latvia,2021,33.56,43.93,8.76,7.15
201,Poland,2021,34.15,63.86,7.48,9.17
202,Estonia,2021,34.3,68.54,7.11,10.11
203,Romania,2021,34.86,81.07,11.11,10.51
204,New Zealand,2021,35.31,114.84,7.24,5.07
205,Belgium,2021,35.37,128.85,13.11,7.71
206,United States of America,2021,35.75,130.28,10.35,6.0
207,Finland,2021,36.09,140.13,20.28,9.68
208,Israel,2021,36.36,58.85,8.39,11.56
209,Slovakia,2021,36.83,60.48,8.49,5.28
210,Kazakhstan,2021,37.11,68.02,3.36,2.3
211,Croatia,2021,37.34,79.49,8.51,9.25
212,Netherlands (Kingdom of the),2021,38.75,115.26,2.15,5.74
213,Australia,2021,39.76,135.66,9.26,6.2
214,Namibia,2021,4.2,25.52,2.15,0.57
215,Botswana,2021,4.22,32.84,0.66,0.37
216,Ireland,2021,40.28,136.12,11.01,4.63
217,Republic of Moldova,2021,40.39,64.96,1.07,5.09
218,Italy,2021,40.64,64.34,12.71,8.32
219,Czechia,2021,42.46,93.39,7.14,7.56
220,Bulgaria,2021,42.96,46.65,8.87,10.99
221,Iceland,2021,43.77,157.06,5.9,7.89
222,Sweden,2021,44.08,116.65,7.83,7.74
223,Spain,2021,44.57,65.02,12.47,8.47
224,Lithuania,2021,44.85,82.13,10.22,10.5
225,Germany,2021,45.03,122.59,6.7,8.52
226,Uruguay,2021,45.48,72.69,0.65,2.26
227,Belarus,2021,46.86,106.66,4.43,5.79
228,Andorra,2021,47.58,48.21,10.08,11.61
229,Norway,2021,47.68,163.29,9.13,9.28
230,Bhutan,2021,5.61,22.16,0.63,0.97
231,Georgia,2021,52.87,58.28,0.91,6.5
232,Argentina,2021,53.84,46.18,6.09,11.88
233,Austria,2021,54.32,111.81,7.57,6.16
234,Portugal,2021,57.11,77.14,9.74,11.7
235,Bangladesh,2021,6.77,6.19,1.02,0.69
236,Indonesia,2021,6.88,40.52,3.07,1.23
237,Greece,2021,63.66,40.34,10.79,13.01
238,Philippines,2021,7.92,47.88,4.73,2.51
239,Denmark,2021,72.35,121.86,5.81,7.18
240,Malta,2021,75.59,83.87,25.479,5.15
241,Nepal,2021,8.84,35.55,1.75,1.39
242,Iraq,2021,9.83,24.64,4.95,4.36
243,South Sudan,2020,0.43,7.06,0.13,0.03
244,Malawi,2020,0.49,6.94,0.08,0.08
245,Burundi,2020,0.69,9.46,0.05,0.01
246,Sierra Leone,2020,0.73,2.12,0.24,0.02
247,Kenya,2020,0.74,5.9,0.17,0.05
248,Senegal,2020,0.82,3.49,0.13,0.08
249,Mozambique,2020,0.84,4.92,0.14,0.09
250,Burkina Faso,2020,0.96,9.16,0.33,0.05
251,Cameroon,2020,0.98,4.86,0.13,0.07
252,Ethiopia,2020,1.02,7.58,1.05,0.16
253,Rwanda,2020,1.16,9.19,0.07,0.16
254,Zimbabwe,2020,1.28,20.289,1.021,0.3
255,Eswatini,2020,1.38,24.46,0.4,0.18
256,Liberia,2020,1.51,6.39,0.25,0.01
257,Cote d'Ivoire,2020,1.53,6.83,0.36,0.14
258,Uganda,2020,1.58,16.84,0.39,0.06
259,Yemen,2020,1.76,4.91,0.51,0.18
260,Guinea-Bissau,2020,1.91,7.73,0.07,0.03
261,Sri Lanka,2020,11.67,23.68,0.97,1.02
262,Guatemala,2020,12.81,23.08,1.22,2.59
263,Tuvalu,2020,13.46,39.42,1.92,0.96
264,Guyana,2020,13.87,34.39,0.58,0.68
265,Peru,2020,14.36,23.48,1.29,2.02
266,Syrian Arab Republic,2020,15.0,17.19,16.3,8.82
267,Panama,2020,16.3,35.4,2.37,2.8
268,Palau,2020,17.98,65.73,2.81,3.37
269,Dominican Republic,2020,19.48,18.92,1.39,2.02
270,Turkmenistan,2020,19.6,35.89,1.56,1.23
271,Türkiye,2020,19.89,33.26,4.11,4.05
272,Tajikistan,2020,19.95,66.45,2.56,1.69
273,Mauritania,2020,2.03,11.56,0.17,0.25
274,Zambia,2020,2.53,16.26,0.57,0.11
275,Oman,2020,20.03,44.47,6.44,3.3
276,Kyrgyzstan,2020,20.42,41.47,0.31,1.74
277,Malaysia,2020,21.83,39.03,5.64,3.42
278,Kuwait,2020,22.73,45.45,9.0,8.1
279,Uzbekistan,2020,23.1,110.83,0.51,1.1
280,Colombia,2020,23.94,14.14,1.78,16.47
281,Canada,2020,24.15,100.84,10.35,6.53
282,Costa Rica,2020,24.94,30.64,11.27,10.64
283,Republic of Korea,2020,25.07,85.27,7.67,5.2
284,Japan,2020,25.92,123.49,19.84,8.25
285,Singapore,2020,26.38,61.8,6.11,4.42
286,Chile,2020,27.98,42.89,6.0,13.78
287,United Arab Emirates,2020,28.3,62.49,11.8,7.26
288,Montenegro,2020,28.31,55.5,2.35,0.51
289,Serbia,2020,28.75,63.19,1.58,2.4
290,Lao People's Democratic Republic,2020,3.56,11.79,2.27,0.76
291,Namibia,2020,3.8,23.62,2.0,0.51
292,United Kingdom of Great Britain and Northern Ireland,2020,30.28,89.23,8.5,5.4
293,Saudi Arabia,2020,30.76,63.47,8.88,6.33
294,Azerbaijan,2020,31.25,57.77,0.61,3.18
295,Hungary,2020,31.4,55.08,7.84,6.75
296,Armenia,2020,31.63,47.63,0.33,3.59
297,Cyprus,2020,31.97,38.5,6.64,7.26
298,France,2020,32.52,94.51,9.36,6.66
299,Poland,2020,33.03,62.5,7.44,8.85
300,Slovenia,2020,33.03,106.12,7.41,7.47
301,Romania,2020,33.07,78.34,9.99,9.63
302,Latvia,2020,33.38,43.91,8.65,7.16
303,North Macedonia,2020,33.43,54.49,5.91,8.77
304,New Zealand,2020,34.42,112.01,7.2,4.86
305,Ireland,2020,34.58,182.91,13.58,6.61
306,Estonia,2020,34.79,67.44,7.39,10.15
307,Belgium,2020,35.06,128.21,12.86,7.69
308,United States of America,2020,35.18,123.4,10.53,5.96
309,Israel,2020,35.67,56.49,9.43,9.09
310,Croatia,2020,36.06,74.98,8.05,8.92
311,Finland,2020,36.1,137.64,10.92,9.75
312,Kazakhstan,2020,36.63,67.6,3.29,2.34
313,Slovakia,2020,36.71,61.19,8.38,5.29
314,Netherlands (Kingdom of the),2020,38.05,112.13,2.14,5.64
315,Russian Federation,2020,38.07,85.11,0.39,2.79
316,Australia,2020,38.95,131.58,9.11,6.09
317,Italy,2020,39.7,65.15,12.32,8.63
318,Botswana,2020,4.33,32.85,0.61,0.38
319,Comoros,2020,4.41,15.82,0.44,0.4
320,Bhutan,2020,4.86,20.82,0.66,0.92
321,Republic of Moldova,2020,40.38,61.49,0.93,5.38
322,Czechia,2020,41.53,91.86,7.2,7.5
323,Bulgaria,2020,42.77,46.74,8.79,10.63
324,Iceland,2020,43.18,163.39,5.67,7.91
325,Sweden,2020,43.22,114.34,7.7,7.71
326,Germany,2020,44.43,123.04,6.66,8.5
327,Lithuania,2020,44.81,81.17,10.26,11.09
328,Spain,2020,45.46,62.46,13.07,8.34
329,Andorra,2020,45.87,48.45,9.95,11.63
330,Belarus,2020,46.05,108.42,4.48,5.85
331,Norway,2020,46.82,161.19,8.83,9.12
332,Samoa,2020,5.62,30.58,0.24,0.9
333,Gabon,2020,5.86,26.45,0.6,0.15
334,Georgia,2020,51.21,58.42,1.72,5.35
335,Argentina,2020,53.04,43.51,6.07,11.74
336,Austria,2020,53.44,107.41,7.3,6.11
337,Portugal,2020,55.76,75.0,9.46,11.25
338,Indonesia,2020,6.2,39.35,0.93,1.18
339,Bangladesh,2020,6.61,5.48,1.0,0.68
340,Greece,2020,61.86,39.27,10.67,12.78
341,India,2020,7.23,17.2,8.56,1.59
342,Bahrain,2020,7.41,26.48,1.65,0.8
343,Philippines,2020,7.52,47.81,4.58,2.53
344,Timor-Leste,2020,7.52,17.38,2.08,0.02
345,Denmark,2020,70.68,120.21,5.56,7.14
346,Malta,2020,72.6,84.62,13.51,5.19
347,Nepal,2020,8.57,33.62,1.66,1.27
348,Iraq,2020,9.23,22.79,3.92,3.33
349,Tonga,2020,9.46,45.41,0.76,1.42
350,Bolivia (Plurinational State of),2020,9.61,14.65,1.39,1.61
351,Sierra Leone,2019,0.33,8.65,0.21,0.01
352,South Sudan,2019,0.33,5.85,0.09,0.02
353,Gambia,2019,0.77,4.44,0.01,0.05
354,Mozambique,2019,0.86,4.8,0.13,0.1
355,Senegal,2019,0.88,5.39,0.12,0.13
356,Burkina Faso,2019,0.91,8.99,0.15,0.03
357,Rwanda,2019,1.17,9.37,0.08,0.19
358,Liberia,2019,1.45,5.44,0.11,0.01
359,Cote d'Ivoire,2019,1.49,6.45,0.34,0.1
360,Democratic Republic of the Congo,2019,1.62,10.45,0.06,0.05
361,Pakistan,2019,10.49,4.53,1.46,1.16
362,Bolivia (Plurinational State of),2019,10.88,13.95,1.95,2.05
363,Sri Lanka,2019,10.98,21.51,0.81,1.03
364,Peru,2019,13.54,21.07,1.16,1.96
365,Dominican Republic,2019,14.31,14.39,1.16,2.28
366,Syrian Arab Republic,2019,15.17,17.76,12.52,9.18
367,Panama,2019,16.37,32.14,2.25,3.03
368,Türkiye,2019,18.84,29.77,3.97,3.86
369,Tajikistan,2019,19.33,51.19,2.53,1.6
370,Turkmenistan,2019,19.57,36.9,1.6,1.19
371,Mauritania,2019,2.01,11.87,0.17,0.26
372,Zambia,2019,2.37,14.18,0.46,0.1
373,Malaysia,2019,20.21,39.25,5.66,3.23
374,Kuwait,2019,20.87,49.56,3.73,4.85
375,Oman,2019,20.91,44.27,5.76,3.25
376,Kyrgyzstan,2019,21.11,42.4,0.31,1.76
377,Maldives,2019,22.35,52.35,6.09,1.13
378,Colombia,2019,23.17,13.74,1.71,16.21
379,Costa Rica,2019,23.76,29.12,10.84,10.54
380,Canada,2019,24.18,99.77,10.3,6.57
381,Republic of Korea,2019,24.58,80.93,7.52,5.12
382,Jordan,2019,25.19,31.68,9.87,7.42
383,Mauritius,2019,25.58,34.94,4.17,3.2
384,Bosnia and Herzegovina,2019,25.84,64.25,1.38,2.58
385,Chile,2019,26.27,35.76,5.46,12.84
386,Saudi Arabia,2019,26.33,65.31,10.46,6.17
387,United Arab Emirates,2019,27.1,59.87,12.61,7.01
388,Montenegro,2019,27.92,53.98,2.08,0.52
389,Cyprus,2019,29.28,42.09,6.48,7.85
390,United Kingdom of Great Britain and Northern Ireland,2019,29.32,86.45,8.68,5.3
391,Bhutan,2019,3.36,18.25,0.6,0.9
392,Nigeria,2019,3.56,10.72,1.18,0.22
393,Namibia,2019,3.679,22.29,1.94,0.44
394,Botswana,2019,3.95,33.29,0.59,0.38
395,Armenia,2019,30.26,46.88,0.26,4.06
396,Azerbaijan,2019,31.48,59.14,0.61,3.1
397,Romania,2019,31.65,76.46,9.24,8.8
398,France,2019,32.43,93.36,9.44,6.64
399,Latvia,2019,32.67,45.99,8.43,7.13
400,Slovenia,2019,32.7,104.33,7.28,7.27
401,Poland,2019,32.79,63.26,7.38,8.8
402,Ireland,2019,33.17,154.79,10.74,6.78
403,New Zealand,2019,33.7,107.78,6.99,6.22
404,North Macedonia,2019,34.09,54.5,5.57,9.47
405,Belgium,2019,34.24,122.59,12.67,7.57
406,Estonia,2019,34.69,66.02,7.17,9.82
407,United States of America,2019,34.82,130.21,10.0,5.96
408,Hungary,2019,34.94,55.64,8.31,7.31
409,Israel,2019,35.21,55.0,8.05,8.66
410,Finland,2019,35.66,134.28,10.19,9.78
411,Slovakia,2019,35.69,60.62,8.18,5.23
412,Croatia,2019,35.9,73.98,7.79,8.88
413,Kazakhstan,2019,36.2,66.96,2.97,2.34
414,Netherlands (Kingdom of the),2019,37.13,108.91,2.12,5.59
415,Australia,2019,38.08,130.96,8.87,6.09
416,Iceland,2019,38.92,161.55,5.38,7.9
417,Indonesia,2019,4.62,37.81,0.81,0.58
418,Sao Tome and Principe,2019,4.92,21.65,1.73,0.28
419,Italy,2019,40.24,64.02,12.47,8.64
420,Republic of Moldova,2019,40.33,61.39,0.96,5.41
421,Czechia,2019,41.12,90.48,7.28,7.41
422,Russian Federation,2019,41.65,86.35,0.38,2.81
423,Bulgaria,2019,42.36,48.48,8.45,10.66
424,Sweden,2019,42.88,116.33,7.97,7.78
425,Switzerland,2019,43.49,182.9,6.73,4.06
426,Germany,2019,43.73,120.27,6.63,8.5
427,Spain,2019,43.76,60.37,12.26,8.18
428,Andorra,2019,43.92,48.24,9.67,10.98
429,Belarus,2019,45.46,109.07,4.38,5.72
430,Lithuania,2019,45.68,80.58,10.29,10.54
431,Norway,2019,45.78,160.08,8.59,9.06
432,Thailand,2019,5.48,30.69,2.1,1.13
433,Argentina,2019,52.5,41.43,6.07,11.72
434,Austria,2019,53.18,106.6,7.3,6.06
435,Portugal,2019,54.22,73.06,9.27,10.86
436,Gabon,2019,6.03,23.45,0.62,0.15
437,Bangladesh,2019,6.3,4.77,0.89,0.58
438,Bahrain,2019,6.87,20.0,1.52,0.74
439,Greece,2019,61.63,36.48,10.63,12.56
440,Denmark,2019,69.13,118.88,5.54,7.21
441,Philippines,2019,7.32,47.89,4.63,2.51
442,Cabo Verde,2019,7.43,14.86,0.06,2.33
443,Myanmar,2019,7.57,11.11,0.8,0.72
444,Timor-Leste,2019,7.64,17.45,2.11,0.08
445,Malta,2019,70.75,82.1,12.94,5.02
446,Georgia,2019,74.52,53.09,0.99,8.11
447,Nepal,2019,8.15,33.27,1.36,1.13
448,Iraq,2019,8.81,23.13,3.79,3.47
449,Algeria,2019,9.73,3.12,0.5,1.62
450,Niger,2018,0.37,2.26,0.03,0.01
451,South Sudan,2018,0.41,3.68,0.36,0.03
452,Chad,2018,0.5,2.97,0.17,0.0
453,United Republic of Tanzania,2018,0.5,5.56,0.32,0.12
454,Papua New Guinea,2018,0.64,4.97,0.12,0.15
455,Central African Republic,2018,0.69,2.45,0.07,0.02
456,Benin,2018,0.73,5.22,0.25,0.01
457,Togo,2018,0.74,3.92,0.26,0.03
458,Ethiopia,2018,0.75,6.92,0.95,0.17
459,Sierra Leone,2018,0.75,7.62,0.21,0.02
460,Mozambique,2018,0.85,4.88,0.11,0.09
461,Eritrea,2018,0.88,15.57,1.41,0.58
462,Congo,2018,0.99,9.27,0.29,0.05
463,Mali,2018,1.2,4.11,0.09,0.02
464,Gambia,2018,1.24,6.24,0.01,0.02
465,Rwanda,2018,1.32,11.86,0.71,0.18
466,Liberia,2018,1.4,6.38,0.19,0.01
467,Ghana,2018,1.44,44.23,0.3,0.23
468,Malawi,2018,1.503,4.3,0.21,0.06
469,Kenya,2018,1.6,11.93,0.19,0.17
470,Mauritania,2018,1.96,10.92,0.18,0.26
471,Belize,2018,10.86,23.59,7.02,1.5
472,Peru,2018,13.73,29.86,1.03,1.93
473,Paraguay,2018,14.66,17.97,0.34,1.76
474,Syrian Arab Republic,2018,15.0,17.89,12.33,8.72
475,Iran (Islamic Republic of),2018,15.05,19.73,2.79,4.25
476,Anguilla,2018,15.132,36.184,2.632,1.974
477,Panama,2018,16.09,30.81,2.09,2.96
478,Algeria,2018,17.08,15.38,4.43,3.63
479,Brunei Darussalam,2018,17.63,64.82,1.76,2.58
480,Guyana,2018,17.9,10.23,0.09,1.18
481,Türkiye,2018,18.14,29.24,3.8,3.63
482,Malaysia,2018,18.58,39.46,4.08,2.95
483,Mauritius,2018,18.58,38.49,5.774,3.597
484,Maldives,2018,18.62,63.05,2.2,0.53
485,Tajikistan,2018,19.34,51.17,2.48,1.65
486,Turkmenistan,2018,19.71,37.8,1.6,1.16
487,Zimbabwe,2018,2.01,18.54,0.93,0.07
488,Angola,2018,2.11,4.01,0.74,0.53
489,Cambodia,2018,2.11,11.03,0.46,0.31
490,Guinea,2018,2.19,5.66,0.2,0.06
491,Zambia,2018,2.24,12.73,0.4,0.09
492,Eswatini,2018,2.38,40.26,0.24,0.12
493,Haiti,2018,2.38,4.04,0.31,0.22
494,Comoros,2018,2.85,15.07,0.47,0.42
495,Kuwait,2018,20.3,70.95,3.65,4.72
496,Oman,2018,21.04,44.08,5.86,3.13
497,Kyrgyzstan,2018,21.48,45.05,0.31,1.84
498,"occupied Palestinian territory, including east Jerusalem",2018,21.677,19.53,11.302,7.215
499,Colombia,2018,22.42,13.5,1.63,15.92
500,Costa Rica,2018,22.53,28.53,10.34,10.34
501,Poland,2018,23.41,56.44,7.55,3.38
502,Republic of Korea,2018,23.86,73.96,7.33,4.99
503,Canada,2018,24.11,99.28,10.27,6.57
504,Lebanon,2018,24.12,19.18,14.82,11.7
505,Bosnia and Herzegovina,2018,24.57,59.42,1.37,2.46
506,Japan,2018,24.85,119.75,18.94,8.02
507,Qatar,2018,25.04,72.51,8.96,6.31
508,United States of America,2018,25.48,115.89,9.24,5.95
509,Chile,2018,25.69,33.51,5.22,12.44
510,United Arab Emirates,2018,26.05,59.01,9.06,6.71
511,Cyprus,2018,27.89,39.41,6.28,7.68
512,Montenegro,2018,28.09,53.31,1.95,0.47
513,United Kingdom of Great Britain and Northern Ireland,2018,28.28,84.97,8.57,5.24
514,Armenia,2018,28.93,46.07,0.26,3.97
515,Saudi Arabia,2018,28.99,60.78,9.59,5.52
516,Serbia,2018,29.66,64.93,2.64,2.75
517,Afghanistan,2018,3.03,4.51,0.29,0.05
518,Namibia,2018,3.35,20.61,1.8,0.34
519,Cote d'Ivoire,2018,3.51,5.52,0.91,0.18
520,Guatemala,2018,3.63,13.14,0.04,0.107
521,Nigeria,2018,3.64,9.141,1.2,0.21
522,Romania,2018,30.28,73.4,8.95,8.3
523,Slovenia,2018,31.85,102.76,7.08,7.21
524,Republic of Moldova,2018,32.04,64.72,5.39,5.44
525,France,2018,32.14,92.78,9.44,6.55
526,Azerbaijan,2018,32.36,57.96,0.62,3.0
527,Ireland,2018,32.76,128.68,12.82,6.6
528,Latvia,2018,33.03,45.59,8.56,7.06
529,New Zealand,2018,33.11,107.62,6.95,6.13
530,North Macedonia,2018,33.15,52.75,5.76,9.69
531,Belgium,2018,33.55,117.91,12.5,7.54
532,Hungary,2018,33.84,56.18,8.02,7.03
533,Finland,2018,34.63,126.22,10.32,7.17
534,Israel,2018,34.77,54.99,8.99,7.99
535,Estonia,2018,34.83,66.36,7.22,9.66
536,Croatia,2018,34.97,71.73,7.75,8.62
537,Slovakia,2018,35.23,60.26,8.0,5.11
538,Mongolia,2018,35.26,42.17,6.82,4.09
539,Kazakhstan,2018,35.31,66.18,4.94,2.49
540,Netherlands (Kingdom of the),2018,36.32,112.79,2.08,5.5
541,Australia,2018,37.26,127.62,8.78,5.96
542,Iceland,2018,38.91,154.69,5.16,8.19
543,Trinidad and Tobago,2018,39.39,39.14,6.28,3.21
544,Italy,2018,39.87,60.35,11.94,8.35
545,Spain,2018,39.96,60.1,11.81,8.02
546,Botswana,2018,4.02,33.25,0.68,0.42
547,Bhutan,2018,4.21,18.39,0.57,0.79
548,Indonesia,2018,4.21,30.89,0.85,0.57
549,Lesotho,2018,4.57,31.44,1.82,0.73
550,Czechia,2018,40.69,89.77,6.97,7.44
551,Russian Federation,2018,40.97,87.1,0.37,2.82
552,Bulgaria,2018,42.17,48.04,9.24,10.37
553,Germany,2018,42.87,117.43,6.54,8.53
554,Sweden,2018,43.22,116.56,7.92,8.07
555,Switzerland,2018,43.38,179.15,6.91,5.09
556,Norway,2018,44.66,158.82,8.32,8.74
557,Belarus,2018,44.86,109.48,4.25,5.73
558,Andorra,2018,45.35,45.08,9.71,10.51
559,Lithuania,2018,45.96,80.92,10.28,10.32
560,Thailand,2018,5.18,26.84,2.01,1.08
561,Bangladesh,2018,5.73,4.66,1.779,0.59
562,Argentina,2018,51.67,38.89,6.05,11.61
563,Austria,2018,52.41,71.29,7.18,5.94
564,Portugal,2018,52.76,71.33,9.06,10.55
565,Gabon,2018,6.18,27.51,1.03,0.18
566,Philippines,2018,6.95,47.34,4.23,2.44
567,Myanmar,2018,6.96,10.27,0.76,0.67
568,Greece,2018,61.05,36.3,10.19,12.39
569,Denmark,2018,68.2,118.17,5.4,7.19
570,Malta,2018,69.73,82.77,12.88,4.79
571,Cabo Verde,2018,7.11,15.0,3.35,1.58
572,Egypt,2018,7.16,17.94,4.26,1.87
573,Timor-Leste,2018,7.18,16.58,1.88,0.06
574,Bahrain,2018,7.29,21.82,1.52,0.81
575,Nepal,2018,7.49,31.1,0.93,0.97
576,Georgia,2018,75.1,49.89,1.04,8.04
577,India,2018,8.4,32.4,8.73,1.59
578,Pakistan,2018,9.17,8.95,1.49,0.9
579,Sri Lanka,2018,9.58,20.8,0.79,0.62
580,Senegal,2017,0.69,3.12,0.11,0.08
581,Togo,2017,0.72,4.01,0.27,0.07
582,Mozambique,2017,0.77,4.89,0.09,0.08
583,Burkina Faso,2017,0.82,8.52,0.14,0.04
584,Zimbabwe,2017,1.79,24.96,0.18,0.07
585,Cambodia,2017,1.95,11.11,0.48,0.31
586,Iran (Islamic Republic of),2017,10.71,24.94,2.24,3.1
587,Belize,2017,11.31,24.09,6.81,1.55
588,Syrian Arab Republic,2017,14.68,18.27,14.46,8.45
589,Panama,2017,15.89,30.93,2.09,3.04
590,"occupied Palestinian territory, including east Jerusalem",2017,17.739,25.725,9.645,7.111
591,Tajikistan,2017,17.85,50.03,2.47,1.69
592,Malaysia,2017,17.87,40.43,3.57,2.66
593,Türkiye,2017,18.05,26.47,3.43,3.36
594,Maldives,2017,18.94,36.2,5.19,0.72
595,Turkmenistan,2017,19.69,38.58,1.59,1.13
596,China,2017,20.03,26.93,3.21,4.51
597,Oman,2017,20.13,43.94,5.39,2.98
598,Libya,2017,20.42,63.77,5.87,8.57
599,Costa Rica,2017,21.01,31.24,9.83,10.03
600,Kuwait,2017,21.06,71.75,3.69,4.68
601,Kyrgyzstan,2017,21.58,46.34,0.31,1.81
602,Bosnia and Herzegovina,2017,21.63,57.47,1.33,2.48
603,Colombia,2017,21.63,13.2,1.55,15.42
604,Brazil,2017,21.98,98.86,6.94,12.65
605,Jordan,2017,22.22,32.13,15.31,6.94
606,Lebanon,2017,22.42,18.18,13.58,10.92
607,Mauritius,2017,22.68,34.44,4.11,3.11
608,Republic of Korea,2017,23.43,70.94,7.18,4.91
609,Poland,2017,23.6,56.58,7.67,3.49
610,Chile,2017,24.3,33.58,4.92,11.8
611,United Arab Emirates,2017,25.02,58.39,8.59,6.08
612,Cyprus,2017,26.51,39.16,6.26,7.49
613,Montenegro,2017,26.75,51.61,1.76,0.47
614,Saudi Arabia,2017,26.76,47.3,8.16,5.1
615,United Kingdom of Great Britain and Northern Ireland,2017,28.02,82.71,8.43,5.24
616,Armenia,2017,29.03,48.98,0.47,3.6
617,Romania,2017,29.12,71.04,9.02,7.87
618,Serbia,2017,29.37,63.9,2.78,2.73
619,Luxembourg,2017,29.84,120.81,6.97,9.74
620,Bhutan,2017,3.1,16.16,0.48,0.78
621,Indonesia,2017,3.73,20.33,1.72,0.54
622,Slovenia,2017,31.07,100.42,6.9,7.06
623,Azerbaijan,2017,31.97,57.12,0.59,2.9
624,North Macedonia,2017,32.04,50.84,5.51,9.33
625,Latvia,2017,32.05,47.73,9.52,7.1
626,France,2017,32.17,92.4,9.49,6.57
627,Trinidad and Tobago,2017,32.22,54.38,6.42,3.42
628,New Zealand,2017,32.53,106.77,6.64,6.1
629,Ireland,2017,32.56,143.69,11.49,6.47
630,Republic of Moldova,2017,32.85,66.45,5.15,5.35
631,Belgium,2017,32.92,119.11,12.38,7.49
632,Hungary,2017,33.26,55.7,7.72,6.73
633,Croatia,2017,34.04,70.44,7.53,8.42
634,Slovakia,2017,34.23,59.73,7.81,5.01
635,Israel,2017,34.3,55.42,7.89,7.18
636,Finland,2017,34.37,123.76,10.27,7.18
637,Estonia,2017,34.68,65.37,7.26,9.6
638,Netherlands (Kingdom of the),2017,35.65,110.56,2.06,5.45
639,Kazakhstan,2017,36.0,68.37,4.62,2.5
640,Democratic People's Republic of Korea,2017,36.28,43.82,3.91,2.17
641,Australia,2017,36.56,125.34,8.76,5.91
642,Spain,2017,38.54,58.95,11.49,7.83
643,Iceland,2017,38.72,152.93,4.98,8.12
644,Italy,2017,39.99,60.89,11.75,8.21
645,Lao People's Democratic Republic,2017,4.4,11.99,2.44,0.7
646,Russian Federation,2017,40.58,90.18,0.37,2.82
647,Andorra,2017,41.19,44.99,9.76,10.57
648,Bulgaria,2017,41.84,48.28,9.04,10.61
649,Germany,2017,42.26,113.11,6.44,8.51
650,Sweden,2017,42.69,116.79,7.72,8.13
651,Switzerland,2017,42.97,175.4,6.97,5.16
652,Norway,2017,43.46,158.78,8.06,8.98
653,Belarus,2017,44.27,109.08,4.08,5.77
654,Lithuania,2017,45.55,80.25,9.91,10.03
655,Bangladesh,2017,5.35,3.04,1.588,0.5
656,Argentina,2017,50.94,36.45,6.04,11.54
657,Portugal,2017,51.03,69.29,9.04,10.08
658,Austria,2017,51.82,71.07,7.1,5.95
659,Gabon,2017,6.53,28.2,0.56,0.17
660,Philippines,2017,6.6,46.71,3.86,2.36
661,Nepal,2017,6.81,28.09,0.97,2.17
662,Greece,2017,60.67,35.71,10.46,12.33
663,Saint Lucia,2017,62.45,32.39,4.48,1.76
664,Georgia,2017,64.78,51.33,1.31,6.51
665,Denmark,2017,67.08,116.7,5.31,7.19
666,Malta,2017,68.78,85.1,12.93,4.77
667,Morocco,2017,7.34,13.94,2.61,1.37
668,Egypt,2017,7.43,17.92,4.06,1.84
669,Bahrain,2017,7.6,21.94,1.43,0.84
670,India,2017,7.66,21.26,6.68,1.85
671,Thailand,2017,7.883,28.76,4.06,1.63
672,Iraq,2017,8.0,17.3,2.78,2.42
673,Sri Lanka,2017,8.87,19.1,0.74,0.67
674,Pakistan,2017,9.32,5.57,1.51,0.92
675,Niger,2016,0.33,2.71,0.01,0.01
676,Benin,2016,0.45,2.23,0.01,0.01
677,Senegal,2016,0.77,2.99,0.11,0.08
678,Guinea,2016,0.81,1.2,0.09,0.04
679,Guinea-Bissau,2016,1.0,5.69,0.03,0.04
680,Congo,2016,1.02,8.88,0.14,0.05
681,Mali,2016,1.17,3.87,0.1,0.06
682,Ghana,2016,1.23,20.53,0.19,0.14
683,Zimbabwe,2016,1.72,13.45,0.15,0.09
684,Cambodia,2016,1.97,11.24,0.48,0.3
685,Syrian Arab Republic,2016,11.72,14.02,9.7,6.53
686,Tunisia,2016,12.58,26.07,2.25,3.0
687,Maldives,2016,13.2,25.63,0.56,0.2
688,Bolivia (Plurinational State of),2016,15.69,11.03,2.22,2.17
689,Panama,2016,15.73,29.92,1.97,2.78
690,Malaysia,2016,15.76,40.17,3.31,2.26
691,Tajikistan,2016,17.54,48.91,2.45,1.53
692,Türkiye,2016,17.74,25.16,3.41,3.27
693,Seychelles,2016,18.49,70.4,4.1,3.1
694,Costa Rica,2016,19.55,25.92,9.39,9.69
695,Turkmenistan,2016,19.59,39.01,1.55,1.07
696,Oman,2016,19.64,45.0,5.51,2.81
697,Afghanistan,2016,2.84,1.51,0.48,0.04
698,Colombia,2016,20.88,12.86,1.5,14.91
699,Kuwait,2016,21.06,70.07,3.65,4.64
700,Lebanon,2016,21.36,16.69,12.52,10.43
701,Mauritius,2016,21.44,32.0,3.98,2.98
702,Bosnia and Herzegovina,2016,21.46,56.53,1.28,2.42
703,Chile,2016,22.86,30.66,4.69,10.47
704,Republic of Korea,2016,22.9,69.8,6.62,4.71
705,Singapore,2016,23.25,62.52,5.15,3.94
706,Kyrgyzstan,2016,23.47,47.78,0.33,1.76
707,Poland,2016,23.97,57.16,7.65,3.48
708,Japan,2016,24.23,115.72,18.1,7.99
709,United Arab Emirates,2016,24.58,57.33,7.61,5.72
710,Saudi Arabia,2016,24.66,59.89,8.3,4.54
711,Montenegro,2016,25.89,50.26,1.73,0.48
712,Cyprus,2016,25.94,38.36,6.15,7.13
713,Qatar,2016,27.51,50.6,10.61,8.29
714,United Kingdom of Great Britain and Northern Ireland,2016,27.73,83.26,8.58,5.29
715,Romania,2016,28.3,68.03,8.65,8.23
716,Luxembourg,2016,28.84,120.77,6.96,9.43
717,Armenia,2016,28.87,49.58,0.45,3.67
718,Serbia,2016,29.26,62.89,3.0,2.79
719,Slovenia,2016,30.19,97.57,6.58,6.89
720,New Zealand,2016,31.15,107.84,6.68,6.11
721,North Macedonia,2016,31.66,50.4,5.2,9.21
722,Ireland,2016,31.93,115.65,11.33,6.2
723,France,2016,32.0,91.86,9.59,6.58
724,Hungary,2016,32.12,66.04,7.5,6.2
725,Latvia,2016,32.12,48.42,8.38,7.2
726,Republic of Moldova,2016,32.39,66.28,5.09,5.3
727,Azerbaijan,2016,32.62,59.61,0.63,2.8
728,Croatia,2016,32.65,67.92,7.4,8.08
729,Belgium,2016,32.8,120.01,12.24,7.48
730,Mongolia,2016,32.89,40.86,5.22,2.35
731,Finland,2016,34.2,120.89,10.14,7.27
732,Israel,2016,34.22,54.38,7.02,7.96
733,Estonia,2016,34.57,64.36,7.32,9.55
734,Slovakia,2016,34.76,60.84,7.71,4.98
735,Netherlands (Kingdom of the),2016,35.01,107.86,2.12,5.06
736,Australia,2016,35.57,123.71,8.62,5.84
737,Kazakhstan,2016,37.07,72.69,6.76,3.01
738,Spain,2016,38.03,56.73,12.02,7.64
739,Iceland,2016,38.5,150.03,4.95,8.28
740,Italy,2016,39.63,58.54,11.59,8.03
741,Russian Federation,2016,39.64,92.29,0.39,2.85
742,Nigeria,2016,4.28,16.7,1.12,0.2
743,Thailand,2016,4.33,26.99,5.05,1.58
744,Jamaica,2016,4.71,16.6,0.22,0.16
745,Andorra,2016,40.58,44.74,10.39,10.25
746,Bulgaria,2016,41.07,48.03,8.78,10.4
747,Germany,2016,41.66,110.92,6.34,8.52
748,Norway,2016,42.2,157.49,7.86,8.92
749,Sweden,2016,42.33,117.1,7.73,8.14
750,Switzerland,2016,42.5,173.38,7.0,5.04
751,Belarus,2016,43.72,108.87,3.88,5.93
752,Lithuania,2016,44.66,80.23,11.42,9.71
753,Portugal,2016,49.3,67.16,8.49,9.54
754,Argentina,2016,50.24,34.08,6.02,11.37
755,Austria,2016,51.29,70.26,7.09,5.89
756,Philippines,2016,6.31,46.18,3.42,2.3
757,Greece,2016,61.22,35.01,10.49,12.27
758,Georgia,2016,63.51,50.61,1.14,6.77
759,Denmark,2016,65.62,115.86,5.19,7.42
760,Malta,2016,66.53,86.01,13.29,4.7
761,Iraq,2016,7.07,16.32,2.2,2.01
762,Cabo Verde,2016,7.307,13.46,0.08,0.08
763,India,2016,7.48,14.74,5.52,1.47
764,South Africa,2016,7.53,13.07,2.67,1.08
765,Egypt,2016,7.63,17.89,3.75,1.73
766,Sri Lanka,2016,8.56,18.69,0.71,0.66
767,Niger,2015,0.32,2.05,0.03,0.02
768,Togo,2015,0.47,2.88,0.02,0.02
769,Gambia,2015,0.96,14.48,0.02,0.08
770,Uganda,2015,0.97,15.85,0.01,0.07
771,Rwanda,2015,1.1,9.65,0.1,0.11
772,Cambodia,2015,1.5,9.31,0.34,0.16
773,Zimbabwe,2015,1.74,13.26,0.1,0.05
774,Iran (Islamic Republic of),2015,10.95,17.96,1.92,3.17
775,Nauru,2015,12.73,63.64,1.82,1.82
776,Tunisia,2015,12.85,26.18,2.27,3.06
777,Malaysia,2015,14.89,40.13,3.37,2.04
778,Panama,2015,15.79,27.68,1.77,3.0
779,Tajikistan,2015,17.47,45.88,2.26,1.56
780,Brunei Darussalam,2015,17.5,65.28,1.68,2.23
781,Türkiye,2015,17.65,25.73,3.44,3.1
782,Costa Rica,2015,18.06,24.22,8.89,9.37
783,Ecuador,2015,18.06,25.04,0.41,5.27
784,Mauritius,2015,19.73,32.97,3.85,2.94
785,Turkmenistan,2015,19.74,39.57,1.5,1.03
786,Indonesia,2015,2.7,12.82,1.16,0.49
787,Afghanistan,2015,2.9,1.32,0.51,0.04
788,Colombia,2015,20.22,12.01,1.41,14.41
789,Bosnia and Herzegovina,2015,21.07,60.23,1.26,2.34
790,Lebanon,2015,21.23,15.56,11.73,8.54
791,Oman,2015,21.3,46.19,5.09,2.75
792,Chile,2015,21.38,26.94,4.41,10.0
793,Kyrgyzstan,2015,21.83,48.1,0.39,1.7
794,Republic of Korea,2015,22.42,59.66,6.51,4.62
795,Poland,2015,23.11,57.45,7.35,3.29
796,United Arab Emirates,2015,23.61,53.21,6.05,5.67
797,Montenegro,2015,23.72,49.93,1.74,0.43
798,Cyprus,2015,24.98,38.41,6.15,7.18
799,Kuwait,2015,26.47,71.54,3.7,6.75
800,Romania,2015,27.58,65.6,8.59,7.74
801,United Kingdom of Great Britain and Northern Ireland,2015,27.67,83.6,8.32,5.3
802,Slovenia,2015,28.3,88.73,6.29,6.76
803,Luxembourg,2015,29.08,122.74,6.97,8.89
804,Armenia,2015,29.19,49.61,0.49,3.7
805,North Macedonia,2015,30.17,48.2,5.2,9.21
806,New Zealand,2015,30.31,107.76,6.66,6.12
807,Serbia,2015,30.43,62.92,3.27,3.11
808,Hungary,2015,30.98,66.44,7.15,6.03
809,Ireland,2015,31.19,123.45,11.04,6.01
810,France,2015,31.84,90.26,9.66,6.53
811,Latvia,2015,31.97,48.85,7.96,7.17
812,Croatia,2015,32.1,62.65,7.27,8.0
813,Belgium,2015,32.21,118.21,12.1,7.35
814,Azerbaijan,2015,33.28,61.49,0.61,2.71
815,Estonia,2015,34.17,63.56,7.21,9.43
816,Finland,2015,34.21,120.19,10.03,7.31
817,Israel,2015,34.31,53.23,6.75,8.24
818,Slovakia,2015,34.54,60.26,7.06,4.88
819,Netherlands (Kingdom of the),2015,34.57,106.43,2.1,5.1
820,Australia,2015,34.86,121.94,8.47,5.78
821,Kazakhstan,2015,37.26,70.87,7.91,2.61
822,Andorra,2015,37.54,44.18,9.97,9.97
823,Iceland,2015,37.73,162.75,4.83,8.4
824,Spain,2015,38.26,54.42,11.87,7.42
825,Italy,2015,38.48,57.16,11.55,7.86
826,Russian Federation,2015,39.25,93.89,0.39,2.81
827,Jamaica,2015,4.28,14.97,0.29,0.13
828,Bangladesh,2015,4.76,2.6,0.77,0.41
829,Bulgaria,2015,40.41,48.31,8.39,10.03
830,Norway,2015,40.91,156.06,7.45,8.82
831,Germany,2015,41.2,109.53,6.41,8.54
832,Sweden,2015,41.74,117.28,7.7,8.16
833,Switzerland,2015,41.96,168.88,6.45,5.07
834,Belarus,2015,42.55,109.47,3.61,5.89
835,Lithuania,2015,43.38,79.74,10.99,9.1
836,Portugal,2015,47.48,65.31,8.4,9.13
837,Argentina,2015,49.8,31.72,6.0,11.19
838,Austria,2015,51.24,70.42,7.06,5.94
839,Georgia,2015,53.13,42.64,0.83,6.51
840,Greece,2015,59.02,34.49,10.44,12.29
841,Philippines,2015,6.09,45.28,3.2,2.26
842,Malta,2015,64.63,81.55,12.54,4.63
843,Denmark,2015,64.72,115.06,5.15,7.61
844,Iraq,2015,7.18,15.82,2.13,1.94
845,Egypt,2015,7.63,18.02,3.67,1.7
846,South Africa,2015,7.63,12.39,2.78,1.06
847,Fiji,2015,8.13,28.53,1.03,0.7
848,Sri Lanka,2015,8.3,18.87,0.69,0.63
849,Bahrain,2015,9.27,24.98,1.62,0.98
850,Somalia,2014,0.48,2.61,0.02,0.0
851,United Republic of Tanzania,2014,0.6,4.28,0.14,0.02
852,Zimbabwe,2014,1.19,14.7,0.14,0.08
853,Cambodia,2014,1.67,9.55,0.34,0.16
854,Kenya,2014,1.99,9.41,0.51,0.24
855,Cook Islands,2014,14.29,66.29,0.57,12.57
856,Iran (Islamic Republic of),2014,14.3,14.87,2.18,3.41
857,Syrian Arab Republic,2014,14.32,21.31,13.67,8.18
858,Malaysia,2014,14.84,39.12,4.01,1.92
859,Tajikistan,2014,17.27,44.57,2.17,1.44
860,Türkiye,2014,17.38,25.02,3.49,2.95
861,Mauritius,2014,18.8,31.93,3.82,2.83
862,Colombia,2014,19.6,11.39,1.33,13.68
863,Djibouti,2014,2.01,6.53,2.09,0.19
864,Cote d'Ivoire,2014,2.14,5.78,0.99,0.2
865,Yemen,2014,2.7,7.51,0.9,0.18
866,Turkmenistan,2014,20.02,39.84,1.52,1.04
867,Chile,2014,20.16,25.5,4.1,9.02
868,Libya,2014,20.37,67.24,6.11,7.13
869,Lebanon,2014,20.45,16.46,11.65,8.62
870,Bosnia and Herzegovina,2014,20.83,59.9,1.24,2.31
871,Oman,2014,21.62,46.96,4.93,2.57
872,Montenegro,2014,21.7,50.33,1.68,0.4
873,Kyrgyzstan,2014,21.93,49.19,0.41,1.64
874,Republic of Korea,2014,22.1,56.17,6.46,4.54
875,United Arab Emirates,2014,22.32,44.29,6.81,4.87
876,Jordan,2014,22.36,34.85,13.89,7.83
877,Poland,2014,22.92,57.9,7.25,3.42
878,Japan,2014,23.54,111.8,16.95,7.92
879,Saudi Arabia,2014,23.71,55.46,7.46,4.41
880,Uzbekistan,2014,23.9,113.56,0.41,1.5
881,Cyprus,2014,23.96,37.52,1.56,6.98
882,Costa Rica,2014,26.59,24.08,8.34,9.24
883,Kuwait,2014,26.7,67.07,4.95,6.19
884,Romania,2014,26.9,63.15,8.53,7.44
885,United Kingdom of Great Britain and Northern Ireland,2014,27.38,83.94,8.21,5.3
886,Slovenia,2014,27.75,86.43,6.04,6.63
887,Luxembourg,2014,28.82,123.17,6.87,8.56
888,Armenia,2014,28.83,51.38,0.51,3.89
889,New Zealand,2014,28.89,106.44,6.61,6.16
890,Afghanistan,2014,3.04,1.5,0.52,0.03
891,Lao People's Democratic Republic,2014,3.77,12.67,1.9,0.51
892,Jamaica,2014,3.91,14.69,0.26,0.13
893,Ireland,2014,30.12,121.78,11.68,5.92
894,North Macedonia,2014,30.21,47.01,5.02,8.82
895,Serbia,2014,30.3,62.05,3.24,3.2
896,Croatia,2014,31.53,61.94,7.17,7.89
897,Belgium,2014,31.6,112.03,12.05,7.23
898,France,2014,31.69,89.11,9.66,6.5
899,Latvia,2014,32.16,50.2,7.76,7.02
900,Andorra,2014,32.97,42.74,8.68,8.28
901,Hungary,2014,33.25,65.86,7.7,6.29
902,Estonia,2014,33.61,60.81,6.72,9.3
903,Netherlands (Kingdom of the),2014,33.92,104.44,2.13,4.94
904,Azerbaijan,2014,34.01,63.5,1.97,2.7
905,Slovakia,2014,34.3,60.87,6.73,4.88
906,Australia,2014,34.32,121.11,8.33,5.71
907,Israel,2014,34.42,52.93,6.84,7.98
908,Finland,2014,34.48,117.68,10.19,7.29
909,Iceland,2014,36.43,161.5,4.67,8.37
910,Spain,2014,37.81,53.05,11.68,7.13
911,Kazakhstan,2014,38.65,69.93,7.95,3.61
912,Italy,2014,38.88,55.44,11.59,7.85
913,Bulgaria,2014,39.78,48.7,7.9,9.96
914,Bangladesh,2014,4.78,2.43,0.77,0.4
915,Belarus,2014,40.82,109.35,3.42,5.72
916,Germany,2014,40.88,109.49,6.39,8.52
917,Sweden,2014,41.09,117.11,7.64,8.15
918,Russian Federation,2014,41.2,45.25,0.49,2.84
919,Switzerland,2014,41.25,164.53,6.46,5.1
920,Lithuania,2014,43.06,79.07,10.61,9.1
921,Norway,2014,44.29,174.42,7.22,8.66
922,Portugal,2014,45.62,63.75,8.05,8.77
923,Argentina,2014,49.25,29.52,5.97,11.03
924,Philippines,2014,5.89,43.73,2.98,2.25
925,Austria,2014,50.76,70.36,7.02,6.0
926,Georgia,2014,50.81,40.64,0.81,5.67
927,Greece,2014,58.67,34.74,10.63,12.62
928,San Marino,2014,59.64,80.12,6.53,6.53
929,Malta,2014,62.37,82.92,11.35,4.63
930,Denmark,2014,63.76,114.51,5.1,7.7
931,Ukraine,2014,69.81,65.36,0.33,5.86
932,Egypt,2014,7.3,18.13,3.03,1.5
933,South Africa,2014,7.4,12.03,2.7,1.05
934,Monaco,2014,77.56,208.31,27.15,10.53
935,Sri Lanka,2014,8.07,18.46,0.68,0.63
936,Iraq,2014,8.23,18.11,2.36,2.16
937,Nicaragua,2014,9.06,13.72,1.88,0.43
938,Tuvalu,2014,9.09,37.27,2.73,4.55
939,Bahrain,2014,9.74,25.37,1.67,1.0
940,Niger,2013,0.51,2.23,0.03,0.02
941,Mozambique,2013,0.58,4.27,0.04,0.05
942,Zimbabwe,2013,0.8,13.36,0.28,0.17
943,Cambodia,2013,1.4,9.37,0.35,0.16
944,Madagascar,2013,1.46,2.84,0.01,0.05
945,Solomon Islands,2013,1.8,19.15,1.26,0.45
946,Kenya,2013,1.93,8.96,0.49,0.23
947,Kiribati,2013,1.93,54.48,0.26,0.62
948,Malaysia,2013,15.55,38.37,3.34,1.74
949,Mauritius,2013,15.85,30.7,3.56,2.72
950,Tajikistan,2013,16.77,43.87,2.08,1.47
951,Türkiye,2013,17.51,25.26,3.54,2.92
952,Chile,2013,18.68,21.52,3.43,8.14
953,Colombia,2013,18.84,10.77,1.27,13.12
954,Bosnia and Herzegovina,2013,19.97,57.89,1.19,2.24
955,Turkmenistan,2013,19.99,40.17,1.53,1.03
956,Oman,2013,20.01,44.16,4.67,2.29
957,Singapore,2013,20.34,56.43,4.06,3.35
958,United Arab Emirates,2013,20.45,39.23,4.83,4.06
959,Montenegro,2013,21.29,53.33,1.66,0.4
960,Republic of Korea,2013,21.75,52.55,6.5,4.49
961,Poland,2013,22.28,58.4,7.17,3.22
962,Kyrgyzstan,2013,22.36,59.06,0.55,1.69
963,Lebanon,2013,23.15,15.77,12.19,9.18
964,Cyprus,2013,23.26,37.34,1.58,7.0
965,Jordan,2013,23.4,36.61,14.56,8.51
966,Uzbekistan,2013,24.21,114.05,0.38,1.6
967,Costa Rica,2013,25.56,21.79,7.76,10.03
968,Romania,2013,26.33,61.57,8.09,7.1
969,Slovenia,2013,26.34,83.92,5.78,6.5
970,United Kingdom of Great Britain and Northern Ireland,2013,27.02,83.96,7.97,5.23
971,New Zealand,2013,28.22,105.73,6.58,6.15
972,Luxembourg,2013,28.3,123.0,7.03,8.47
973,Armenia,2013,28.78,51.57,0.51,4.16
974,North Macedonia,2013,28.83,43.35,4.62,8.47
975,Nigeria,2013,3.63,9.73,0.99,0.22
976,Croatia,2013,30.42,62.26,7.03,7.6
977,Serbia,2013,30.58,62.45,3.28,3.29
978,Republic of Moldova,2013,30.6,65.59,5.58,5.14
979,Belgium,2013,31.31,109.02,11.9,7.14
980,France,2013,31.56,87.84,9.63,6.53
981,Andorra,2013,31.65,41.89,8.38,7.45
982,Latvia,2013,31.9,50.8,8.01,7.25
983,Hungary,2013,32.1,65.99,7.61,6.03
984,Netherlands (Kingdom of the),2013,32.82,123.15,2.1,4.9
985,Estonia,2013,33.35,59.63,6.59,9.03
986,Australia,2013,33.56,119.49,8.24,5.62
987,Finland,2013,33.86,116.31,10.31,7.2
988,Slovakia,2013,33.93,60.81,6.16,4.78
989,Azerbaijan,2013,34.13,65.59,2.05,2.58
990,Israel,2013,34.72,52.9,6.88,6.97
991,Iceland,2013,36.06,162.61,4.72,8.4
992,Czechia,2013,36.89,84.13,6.07,7.07
993,Spain,2013,37.91,52.93,11.12,6.92
994,Kazakhstan,2013,38.32,77.83,7.88,3.65
995,Italy,2013,38.73,52.93,11.29,7.76
996,Ireland,2013,39.27,125.52,11.34,5.73
997,Belarus,2013,39.39,108.06,3.45,5.49
998,Bulgaria,2013,39.53,49.19,7.66,9.72
999,Russian Federation,2013,39.87,42.47,0.53,2.89
1000,Jamaica,2013,4.8,14.74,0.27,0.13
1001,Germany,2013,40.15,107.6,6.35,8.45
1002,Switzerland,2013,40.39,162.14,6.46,5.2
1003,Sweden,2013,40.43,117.18,7.6,8.17
1004,Lithuania,2013,42.76,78.51,10.38,9.05
1005,Norway,2013,43.06,172.1,6.9,8.73
1006,Portugal,2013,43.99,62.93,7.71,8.48
1007,Georgia,2013,47.99,40.22,0.9,5.29
1008,Argentina,2013,48.84,27.28,5.9,10.85
1009,Tonga,2013,5.14,38.1,0.37,1.12
1010,Philippines,2013,5.74,42.42,2.82,2.24
1011,Austria,2013,50.18,69.35,6.98,5.96
1012,Greece,2013,58.11,35.36,10.45,12.68
1013,Malta,2013,58.67,73.54,10.95,4.6
1014,Denmark,2013,63.11,113.5,5.07,7.83
1015,Sri Lanka,2013,7.72,17.8,0.63,0.6
1016,Monaco,2013,81.07,196.05,27.4,10.73
1017,Ukraine,2013,81.43,74.32,0.41,6.71
1018,Bahrain,2013,9.98,26.19,1.54,1.07
1019,United Republic of Tanzania,2012,0.31,4.39,0.07,0.02
1020,Burkina Faso,2012,0.46,6.09,0.12,0.02
1021,Mozambique,2012,0.56,4.15,0.03,0.03
1022,Zimbabwe,2012,0.77,11.24,0.27,0.17
1023,Madagascar,2012,1.36,2.07,0.0,0.08
1024,Solomon Islands,2012,1.5,16.84,1.06,0.38
1025,Cambodia,2012,1.63,9.13,0.33,0.15
1026,Kenya,2012,1.84,14.07,0.47,0.22
1027,Vanuatu,2012,1.85,18.44,1.17,0.68
1028,Bahrain,2012,10.23,26.51,1.69,1.14
1029,Peru,2012,11.39,15.24,0.52,1.51
1030,Malaysia,2012,13.05,37.26,3.25,1.54
1031,Mauritius,2012,13.36,28.99,3.35,2.34
1032,Brunei Darussalam,2012,14.69,81.68,1.26,2.32
1033,Tajikistan,2012,16.97,43.2,1.93,1.49
1034,Türkiye,2012,17.26,25.05,3.53,2.85
1035,Chile,2012,17.35,18.36,2.97,7.02
1036,United Arab Emirates,2012,18.01,36.7,2.35,4.19
1037,Colombia,2012,18.14,10.16,1.22,12.56
1038,Bosnia and Herzegovina,2012,19.14,57.88,1.15,2.38
1039,Singapore,2012,19.32,55.57,3.74,2.97
1040,Oman,2012,19.89,44.06,4.67,2.27
1041,Montenegro,2012,20.14,48.78,1.47,0.4
1042,Turkmenistan,2012,20.29,40.78,1.53,1.06
1043,Republic of Korea,2012,20.99,49.07,6.57,4.41
1044,Poland,2012,22.23,83.79,7.02,3.27
1045,Kyrgyzstan,2012,22.33,58.56,0.5,1.71
1046,Cyprus,2012,22.36,35.23,1.67,7.0
1047,Saudi Arabia,2012,22.73,51.62,5.76,3.7
1048,Japan,2012,22.83,107.31,16.08,7.79
1049,Uzbekistan,2012,24.61,114.69,0.38,1.61
1050,Slovenia,2012,25.46,82.36,5.65,6.31
1051,Romania,2012,25.98,59.57,7.62,6.84
1052,United Kingdom of Great Britain and Northern Ireland,2012,26.9,83.95,7.78,5.2
1053,New Zealand,2012,27.13,105.89,6.49,6.04
1054,Luxembourg,2012,28.07,122.89,7.16,8.31
1055,North Macedonia,2012,28.39,42.47,4.38,8.15
1056,Armenia,2012,28.59,52.2,0.43,4.41
1057,Belgium,2012,29.33,106.05,11.73,7.08
1058,Croatia,2012,29.99,60.73,7.05,7.57
1059,Lao People's Democratic Republic,2012,3.21,8.56,1.82,0.49
1060,Jamaica,2012,3.63,15.5,0.25,0.13
1061,Bangladesh,2012,3.9,1.98,0.6,0.31
1062,Serbia,2012,30.47,62.14,3.25,3.36
1063,Mongolia,2012,30.75,38.22,5.28,2.85
1064,Hungary,2012,30.9,65.0,5.73,5.66
1065,Andorra,2012,31.12,39.71,8.33,6.9
1066,France,2012,31.39,90.38,9.63,6.5
1067,Latvia,2012,31.44,50.54,6.89,7.1
1068,Netherlands (Kingdom of the),2012,32.23,121.87,2.04,4.9
1069,Estonia,2012,32.84,64.61,6.4,9.04
1070,Australia,2012,32.93,101.66,7.48,5.59
1071,Slovakia,2012,33.66,61.51,6.52,4.93
1072,Azerbaijan,2012,34.49,67.19,1.78,2.63
1073,Israel,2012,35.03,52.41,7.84,7.06
1074,Finland,2012,35.56,114.18,10.32,7.36
1075,Iceland,2012,35.6,159.57,4.65,8.42
1076,Czechia,2012,36.76,84.86,6.02,7.1
1077,Kazakhstan,2012,37.86,78.06,7.82,4.0
1078,Spain,2012,38.04,53.85,10.46,6.63
1079,Italy,2012,38.1,53.25,9.53,6.53
1080,Bulgaria,2012,38.68,48.31,7.6,9.48
1081,Belarus,2012,38.85,108.62,3.41,5.49
1082,Switzerland,2012,39.15,158.76,6.66,5.23
1083,Germany,2012,39.22,104.06,6.24,8.4
1084,Ireland,2012,39.49,129.83,10.88,5.79
1085,Sweden,2012,39.67,116.93,7.71,8.2
1086,Marshall Islands,2012,4.67,36.38,0.78,0.78
1087,Russian Federation,2012,40.03,41.36,0.53,2.93
1088,Lithuania,2012,42.18,78.92,10.21,8.99
1089,Norway,2012,42.32,170.69,6.71,8.65
1090,Portugal,2012,42.41,62.21,7.37,8.05
1091,Georgia,2012,47.5,39.4,0.79,5.23
1092,Argentina,2012,48.23,24.9,5.84,10.58
1093,Austria,2012,49.27,68.86,6.91,5.92
1094,Philippines,2012,5.64,40.61,2.72,2.24
1095,Malta,2012,55.67,69.67,10.64,4.45
1096,Greece,2012,57.78,35.81,10.13,12.86
1097,Denmark,2012,62.69,112.37,4.99,7.97
1098,South Africa,2012,7.15,10.92,2.54,1.03
1099,Sri Lanka,2012,7.42,17.77,0.65,0.58
1100,Pakistan,2012,7.75,3.95,1.2,0.61
1101,Monaco,2012,73.2,189.34,27.67,10.66
1102,Ukraine,2012,81.33,73.9,0.39,6.64
1103,Seychelles,2012,9.35,42.11,0.4,1.41
1104,Burundi,2011,0.37,6.15,0.02,0.0
1105,Mozambique,2011,0.54,4.02,0.02,0.03
1106,Cameroon,2011,0.91,9.47,0.08,0.03
1107,Congo,2011,1.14,17.06,0.54,0.29
1108,Kiribati,2011,1.36,37.25,0.36,0.27
1109,Madagascar,2011,1.37,2.08,0.0,0.08
1110,Haiti,2011,1.4,12.09,0.09,0.05
1111,Solomon Islands,2011,1.97,17.49,0.8,0.65
1112,Bahrain,2011,10.01,26.45,1.6,1.05
1113,Malaysia,2011,12.55,34.36,2.96,1.46
1114,Ecuador,2011,13.82,20.64,0.53,2.73
1115,Nauru,2011,13.86,69.31,1.98,0.99
1116,Mauritius,2011,14.07,28.53,3.17,2.08
1117,China,2011,14.85,16.5,2.68,0.88
1118,Brunei Darussalam,2011,15.22,78.57,1.2,2.38
1119,Chile,2011,15.75,15.27,2.67,5.9
1120,Tajikistan,2011,16.93,39.91,1.84,1.53
1121,Türkiye,2011,16.98,23.83,3.52,2.84
1122,Trinidad and Tobago,2011,17.43,31.39,4.66,2.46
1123,Colombia,2011,17.54,9.52,1.14,12.11
1124,United Arab Emirates,2011,17.86,35.49,0.7,4.17
1125,Bosnia and Herzegovina,2011,18.39,54.88,1.05,2.16
1126,Singapore,2011,18.61,52.02,3.88,2.85
1127,Montenegro,2011,19.9,50.64,1.45,0.38
1128,Cambodia,2011,2.24,8.63,0.4,0.2
1129,Oman,2011,20.57,46.28,4.41,2.36
1130,Republic of Korea,2011,20.63,48.1,6.85,4.36
1131,Turkmenistan,2011,20.79,41.09,1.56,1.06
1132,Poland,2011,22.04,58.51,6.88,3.41
1133,Cyprus,2011,22.06,36.18,1.66,6.83
1134,Bahamas,2011,22.33,39.23,5.43,2.26
1135,Kyrgyzstan,2011,22.55,57.59,0.32,1.71
1136,Saudi Arabia,2011,22.7,51.57,5.87,3.82
1137,Slovenia,2011,25.0,84.02,5.52,6.25
1138,Uzbekistan,2011,25.17,114.85,0.38,1.69
1139,Romania,2011,25.22,58.24,7.14,6.57
1140,New Zealand,2011,26.55,107.04,6.44,5.98
1141,United Kingdom of Great Britain and Northern Ireland,2011,26.82,86.52,7.57,5.23
1142,North Macedonia,2011,27.69,42.58,3.83,7.95
1143,Luxembourg,2011,27.77,116.29,7.21,8.41
1144,Armenia,2011,28.22,52.14,0.41,4.44
1145,Republic of Moldova,2011,28.28,64.73,5.27,4.7
1146,Mongolia,2011,28.93,36.95,4.68,2.38
1147,Belgium,2011,29.15,103.67,11.64,7.05
1148,Croatia,2011,29.18,59.53,6.94,7.39
1149,Hungary,2011,29.66,64.0,5.77,5.26
1150,Bangladesh,2011,3.73,1.88,0.6,0.31
1151,Botswana,2011,3.95,28.05,2.07,0.27
1152,Serbia,2011,30.43,62.33,3.2,3.46
1153,Netherlands (Kingdom of the),2011,31.03,119.64,2.06,4.88
1154,France,2011,31.24,87.47,9.53,6.49
1155,Latvia,2011,31.34,51.51,6.59,7.07
1156,Andorra,2011,31.36,38.82,8.23,7.07
1157,Estonia,2011,32.94,65.27,6.27,8.88
1158,Australia,2011,32.96,108.4,6.77,5.37
1159,Slovakia,2011,33.07,62.76,6.27,4.85
1160,Azerbaijan,2011,33.97,68.77,1.79,2.59
1161,Iceland,2011,35.04,156.88,4.92,8.87
1162,Israel,2011,35.2,52.21,7.76,7.85
1163,Finland,2011,35.43,111.38,9.99,7.31
1164,Czechia,2011,36.37,84.61,5.93,7.08
1165,Belarus,2011,37.94,105.4,3.27,5.41
1166,Spain,2011,38.14,53.55,9.31,6.19
1167,Kazakhstan,2011,38.15,76.53,7.74,3.83
1168,Switzerland,2011,38.32,154.55,6.64,5.21
1169,Italy,2011,38.35,54.12,9.54,5.83
1170,Bulgaria,2011,38.38,47.26,7.53,9.13
1171,Germany,2011,38.49,103.39,6.27,8.28
1172,Sweden,2011,38.88,116.44,7.72,8.18
1173,Bolivia (Plurinational State of),2011,4.61,9.8,0.64,1.09
1174,Lithuania,2011,40.97,78.3,9.86,8.21
1175,Ireland,2011,41.04,133.99,10.47,5.82
1176,Portugal,2011,41.23,61.08,7.51,7.68
1177,Norway,2011,41.88,169.37,6.45,8.84
1178,Russian Federation,2011,42.2,69.62,0.57,2.91
1179,Georgia,2011,47.47,41.52,0.86,4.51
1180,Austria,2011,48.75,68.55,6.79,5.87
1181,Philippines,2011,5.54,37.1,2.64,2.27
1182,Cabo Verde,2011,5.71,10.62,0.06,0.06
1183,Malta,2011,53.09,69.5,7.89,4.38
1184,Greece,2011,57.74,37.06,10.11,13.07
1185,Denmark,2011,61.82,111.58,4.83,8.02
1186,South Africa,2011,7.09,10.46,2.42,1.02
1187,Sri Lanka,2011,7.18,17.7,0.64,0.55
1188,Monaco,2011,73.75,179.94,27.43,11.21
1189,Ukraine,2011,82.72,73.6,0.38,6.53
1190,Sierra Leone,2010,0.22,1.48,0.05,0.01
1191,Burkina Faso,2010,0.44,5.34,0.11,0.02
1192,Burundi,2010,0.45,6.37,0.03,0.0
1193,Mozambique,2010,0.5,4.13,0.02,0.03
1194,Zambia,2010,0.6,7.11,0.23,0.18
1195,Cameroon,2010,0.87,5.45,0.02,0.03
1196,Mali,2010,0.96,4.21,0.09,0.02
1197,Kenya,2010,1.71,7.13,0.74,0.22
1198,Madagascar,2010,1.86,2.13,0.0,0.09
1199,Seychelles,2010,10.53,43.37,0.42,2.0
1200,Malaysia,2010,11.51,32.37,2.71,1.33
1201,Mauritius,2010,11.69,28.07,3.12,2.03
1202,Tunisia,2010,12.07,22.14,3.01,2.91
1203,Syrian Arab Republic,2010,13.88,17.82,7.36,7.11
1204,Chile,2010,14.23,12.58,2.62,5.57
1205,Brunei Darussalam,2010,14.35,74.1,1.1,2.19
1206,Maldives,2010,14.55,51.77,6.85,0.89
1207,Colombia,2010,16.66,8.97,1.09,11.62
1208,Tajikistan,2010,16.7,38.87,1.76,1.58
1209,Türkiye,2010,16.83,22.51,3.61,2.92
1210,Trinidad and Tobago,2010,17.32,28.16,4.62,2.47
1211,Bosnia and Herzegovina,2010,17.49,53.34,0.97,2.09
1212,United Arab Emirates,2010,17.49,32.69,2.2,4.44
1213,Singapore,2010,17.79,57.79,3.57,3.09
1214,Cambodia,2010,2.27,8.45,0.38,0.17
1215,Mexico,2010,20.07,24.22,0.49,1.16
1216,Republic of Korea,2010,20.16,47.12,6.59,4.29
1217,Montenegro,2010,20.19,52.18,1.44,0.41
1218,Turkmenistan,2010,20.79,41.26,1.67,1.05
1219,Oman,2010,21.26,46.66,4.54,2.37
1220,Cyprus,2010,21.27,34.99,1.61,6.85
1221,Poland,2010,21.84,58.64,6.62,3.29
1222,Japan,2010,22.12,103.03,15.42,7.7
1223,Jordan,2010,22.22,35.17,12.54,7.8
1224,Saudi Arabia,2010,22.44,51.59,5.93,3.64
1225,Lebanon,2010,22.98,17.44,10.93,10.7
1226,Kyrgyzstan,2010,23.1,55.75,0.31,1.86
1227,Slovenia,2010,24.35,82.52,5.39,6.16
1228,Romania,2010,24.85,57.22,6.62,6.34
1229,Uzbekistan,2010,25.55,114.32,0.38,1.65
1230,New Zealand,2010,26.25,106.3,6.33,5.88
1231,United Kingdom of Great Britain and Northern Ireland,2010,26.45,88.59,6.45,5.13
1232,North Macedonia,2010,27.01,42.32,3.37,7.79
1233,Republic of Moldova,2010,27.43,63.54,4.9,4.52
1234,Luxembourg,2010,27.71,114.03,7.37,8.32
1235,Mongolia,2010,27.75,36.56,4.35,1.97
1236,Armenia,2010,27.9,51.44,0.42,4.29
1237,Croatia,2010,28.61,58.13,6.63,7.34
1238,Hungary,2010,28.75,63.97,5.83,5.27
1239,Belgium,2010,29.09,100.95,11.55,7.02
1240,Netherlands (Kingdom of the),2010,29.36,118.13,1.97,4.68
1241,Andorra,2010,29.49,38.41,7.81,6.57
1242,Bangladesh,2010,3.52,1.77,0.8,0.29
1243,Kiribati,2010,3.77,37.17,0.37,0.37
1244,Thailand,2010,3.83,20.23,1.27,1.73
1245,Serbia,2010,30.17,61.41,3.04,3.42
1246,Latvia,2010,31.07,51.972,6.83,7.09
1247,Estonia,2010,32.44,64.02,6.32,9.0
1248,Australia,2010,33.45,104.08,8.69,5.18
1249,France,2010,33.45,85.71,11.56,6.8
1250,Slovakia,2010,33.59,64.21,6.06,4.94
1251,Finland,2010,34.4,107.93,10.05,7.33
1252,Belarus,2010,35.11,105.36,2.88,5.36
1253,Israel,2010,35.15,51.11,7.81,8.68
1254,Iceland,2010,35.89,153.21,4.87,9.4
1255,Czechia,2010,35.99,85.28,5.79,6.94
1256,Azerbaijan,2010,36.17,72.59,2.0,2.7
1257,Spain,2010,37.37,52.83,9.18,5.94
1258,Bulgaria,2010,37.47,47.1,7.53,8.71
1259,Germany,2010,37.57,102.44,6.26,8.22
1260,Italy,2010,37.63,54.39,8.62,5.66
1261,Kazakhstan,2010,37.91,74.53,6.69,3.95
1262,Sweden,2010,38.08,116.14,7.62,8.11
1263,Switzerland,2010,38.08,149.26,6.36,5.25
1264,Lithuania,2010,39.47,76.58,9.28,7.93
1265,Portugal,2010,39.82,59.02,7.25,7.66
1266,Bolivia (Plurinational State of),2010,4.33,8.22,0.56,0.96
1267,Norway,2010,41.14,166.55,6.38,8.78
1268,Ireland,2010,41.28,134.51,10.02,5.97
1269,Georgia,2010,46.79,41.56,0.91,3.23
1270,Austria,2010,48.27,67.57,6.67,5.81
1271,Russian Federation,2010,49.73,70.05,0.58,2.88
1272,Tonga,2010,5.4,37.24,0.37,0.93
1273,Philippines,2010,5.43,26.47,2.58,2.25
1274,Cabo Verde,2010,5.73,10.65,0.08,0.08
1275,Malta,2010,51.36,67.14,7.12,4.35
1276,Greece,2010,57.56,36.84,10.03,13.18
1277,Marshall Islands,2010,6.15,24.42,0.39,0.77
1278,Denmark,2010,60.96,111.43,4.74,8.19
1279,Ukraine,2010,82.74,73.65,0.39,6.49
1280,Bahrain,2010,9.71,25.16,1.62,1.01
1281,Niger,2009,0.28,2.03,0.01,0.01
1282,Central African Republic,2009,0.45,2.42,0.02,0.01
1283,Mozambique,2009,0.47,4.04,0.02,0.02
1284,Zambia,2009,0.59,7.04,0.23,0.18
1285,Cameroon,2009,0.7,3.99,0.01,0.02
1286,Guinea-Bissau,2009,0.81,6.83,0.06,0.05
1287,Democratic Republic of the Congo,2009,0.88,3.85,0.04,0.01
1288,Zimbabwe,2009,1.15,9.05,0.52,0.14
1289,Mali,2009,1.16,4.19,0.08,0.03
1290,Cabo Verde,2009,1.36,9.8,0.06,0.06
1291,Mauritania,2009,1.36,7.01,0.23,0.21
1292,Kenya,2009,1.71,3.95,0.72,0.25
1293,Madagascar,2009,1.73,2.32,0.0,0.08
1294,Comoros,2009,1.99,7.37,0.28,0.33
1295,Malaysia,2009,10.86,29.8,2.41,1.27
1296,Mauritius,2009,11.53,27.37,3.02,1.96
1297,Brunei Darussalam,2009,11.56,51.07,1.09,1.87
1298,Ecuador,2009,12.16,18.73,0.45,2.27
1299,Syrian Arab Republic,2009,13.62,17.78,7.81,7.19
1300,Trinidad and Tobago,2009,14.44,33.25,4.61,2.26
1301,Cook Islands,2009,14.55,70.3,0.61,2.42
1302,Maldives,2009,15.1,53.0,5.91,1.29
1303,Tajikistan,2009,16.16,35.37,1.64,1.51
1304,Colombia,2009,16.17,8.51,1.03,11.26
1305,Türkiye,2009,16.37,21.33,3.48,2.84
1306,Bosnia and Herzegovina,2009,16.74,51.13,0.94,1.75
1307,Singapore,2009,16.75,53.92,3.34,2.94
1308,United Arab Emirates,2009,17.92,34.52,7.73,4.29
1309,Libya,2009,18.86,67.51,3.57,5.96
1310,Kuwait,2009,19.1,48.49,3.18,3.77
1311,Saudi Arabia,2009,19.37,45.78,6.17,3.03
1312,Republic of Korea,2009,19.5,45.52,6.59,4.21
1313,Guyana,2009,2.143,13.15,0.2,0.39
1314,Cambodia,2009,2.35,8.44,0.38,0.17
1315,Cyprus,2009,20.46,34.3,1.61,6.82
1316,Jordan,2009,20.55,33.77,11.77,6.14
1317,Montenegro,2009,20.72,55.06,1.46,0.57
1318,Oman,2009,20.72,45.08,4.05,2.32
1319,Turkmenistan,2009,21.05,41.37,1.75,1.29
1320,Poland,2009,21.79,58.59,6.38,3.2
1321,Kyrgyzstan,2009,23.13,56.14,0.29,1.92
1322,Slovenia,2009,24.15,80.86,5.24,6.07
1323,Romania,2009,24.49,61.45,5.78,6.05
1324,New Zealand,2009,25.8,103.0,6.19,4.49
1325,Uzbekistan,2009,25.82,112.24,0.36,1.6
1326,North Macedonia,2009,26.03,41.12,3.3,6.92
1327,United Kingdom of Great Britain and Northern Ireland,2009,26.42,89.57,6.34,5.02
1328,Mongolia,2009,26.79,36.34,4.08,1.98
1329,Luxembourg,2009,27.08,114.61,7.21,8.19
1330,Republic of Moldova,2009,27.09,62.2,4.78,4.3
1331,Armenia,2009,27.14,50.79,0.37,4.23
1332,Croatia,2009,27.41,56.14,6.2,7.64
1333,Netherlands (Kingdom of the),2009,28.96,117.12,1.95,4.59
1334,Belgium,2009,29.2,99.25,11.51,7.08
1335,Serbia,2009,29.73,60.91,2.98,3.43
1336,Thailand,2009,3.33,16.12,1.23,1.46
1337,Bangladesh,2009,3.43,1.66,0.55,0.26
1338,Botswana,2009,3.48,29.22,0.54,0.28
1339,Nigeria,2009,3.6,10.25,0.89,0.15
1340,Hungary,2009,30.27,63.97,5.73,4.92
1341,Australia,2009,31.04,107.34,10.7,5.26
1342,Latvia,2009,31.53,51.02,6.36,7.05
1343,Andorra,2009,31.7,37.07,9.3,6.08
1344,Estonia,2009,32.81,64.48,6.42,8.96
1345,Slovakia,2009,33.05,64.02,5.42,4.89
1346,France,2009,33.39,84.02,11.95,6.83
1347,Israel,2009,35.26,51.33,6.98,8.47
1348,Spain,2009,35.77,50.83,9.33,5.73
1349,Czechia,2009,35.84,85.28,5.68,6.81
1350,Azerbaijan,2009,36.26,79.98,1.83,2.72
1351,Iceland,2009,36.47,160.73,5.12,9.23
1352,Kazakhstan,2009,36.5,73.68,7.36,3.42
1353,Germany,2009,36.62,101.69,6.16,8.12
1354,Belarus,2009,37.13,104.2,3.21,5.45
1355,Bulgaria,2009,37.33,47.08,7.48,8.72
1356,Italy,2009,37.39,54.66,8.87,5.19
1357,Sweden,2009,37.49,115.35,7.54,8.08
1358,Finland,2009,37.75,105.45,10.02,7.4
1359,Switzerland,2009,38.36,141.67,6.35,5.21
1360,Lithuania,2009,38.54,76.42,8.75,7.42
1361,Portugal,2009,38.58,56.35,7.06,7.33
1362,Fiji,2009,4.1,21.57,0.84,1.89
1363,Ireland,2009,40.04,129.31,9.82,5.96
1364,Norway,2009,40.48,164.47,6.25,8.68
1365,Georgia,2009,44.38,40.95,0.88,2.77
1366,Austria,2009,47.22,66.95,6.53,5.74
1367,Malta,2009,48.62,64.45,5.44,4.25
1368,Russian Federation,2009,49.44,70.49,0.64,2.85
1369,Tonga,2009,5.78,35.26,0.37,1.03
1370,Greece,2009,57.91,35.95,9.71,13.3
1371,Denmark,2009,59.63,110.94,4.54,8.07
1372,Morocco,2009,6.46,9.27,2.81,0.83
1373,Ukraine,2009,82.66,74.38,0.37,6.37
1374,Peru,2009,9.44,13.04,0.63,1.24
1375,Bahrain,2009,9.71,25.26,1.57,1.0
1376,Liberia,2008,0.13,2.56,0.02,0.01
1377,Malawi,2008,0.18,2.79,0.21,0.12
1378,Niger,2008,0.19,1.38,0.01,0.01
1379,Guinea-Bissau,2008,0.52,6.4,0.07,0.01
1380,Togo,2008,0.55,2.85,0.02,0.02
1381,Benin,2008,0.59,7.73,0.02,0.04
1382,Senegal,2008,0.62,4.36,0.09,0.09
1383,Ghana,2008,0.77,9.42,0.23,0.02
1384,Gambia,2008,0.96,7.76,0.07,0.07
1385,Vanuatu,2008,1.15,16.75,0.09,0.13
1386,Cote d'Ivoire,2008,1.28,4.29,0.19,0.13
1387,Kenya,2008,1.69,3.59,0.73,0.25
1388,Madagascar,2008,1.78,2.69,0.0,0.1
1389,Afghanistan,2008,1.83,5.2,0.31,0.14
1390,Mauritius,2008,11.38,26.68,2.73,1.84
1391,Syrian Arab Republic,2008,14.19,17.6,7.66,7.47
1392,Brunei Darussalam,2008,14.93,51.38,1.19,2.17
1393,Colombia,2008,15.63,8.02,0.97,10.76
1394,Türkiye,2008,15.81,20.62,3.46,2.79
1395,Bosnia and Herzegovina,2008,15.9,49.36,0.92,1.71
1396,Singapore,2008,16.31,50.37,3.22,2.94
1397,Niue,2008,16.67,88.89,5.56,11.11
1398,Libya,2008,17.9,53.71,3.58,3.28
1399,United Arab Emirates,2008,18.45,31.7,4.92,3.37
1400,Republic of Korea,2008,18.72,44.13,6.54,4.08
1401,Kuwait,2008,18.84,46.84,3.03,3.63
1402,Tajikistan,2008,18.95,34.95,1.52,1.46
1403,Saudi Arabia,2008,19.71,43.5,6.81,2.98
1404,Oman,2008,19.78,42.77,3.62,2.12
1405,Cambodia,2008,2.41,8.35,0.41,0.18
1406,Cyprus,2008,20.07,32.71,1.54,6.81
1407,Montenegro,2008,20.73,54.5,1.56,0.71
1408,Jordan,2008,20.85,27.73,11.04,7.29
1409,Turkmenistan,2008,21.26,41.94,1.82,1.3
1410,Japan,2008,21.46,97.69,14.52,7.55
1411,Poland,2008,21.69,57.95,6.2,3.43
1412,Kyrgyzstan,2008,23.14,56.12,0.24,1.87
1413,Slovenia,2008,23.97,79.05,4.8,6.01
1414,Romania,2008,24.26,59.84,5.59,5.72
1415,New Zealand,2008,24.63,103.24,6.1,4.49
1416,United Kingdom of Great Britain and Northern Ireland,2008,25.59,91.23,6.27,4.94
1417,North Macedonia,2008,25.9,40.0,3.13,6.67
1418,Uzbekistan,2008,26.17,111.88,0.34,1.64
1419,Republic of Moldova,2008,26.23,61.17,4.71,4.2
1420,Bahamas,2008,26.45,38.84,3.85,2.21
1421,Armenia,2008,26.95,51.06,0.36,4.04
1422,Luxembourg,2008,27.16,114.38,7.04,8.14
1423,Croatia,2008,27.35,57.33,6.12,7.63
1424,Netherlands (Kingdom of the),2008,28.44,84.78,1.91,4.46
1425,Mongolia,2008,28.79,36.46,4.13,1.95
1426,Belgium,2008,29.21,98.18,11.77,7.16
1427,Serbia,2008,29.43,61.16,2.91,3.46
1428,Thailand,2008,3.11,15.59,1.27,1.43
1429,Sudan,2008,3.22,9.65,0.12,0.23
1430,Bangladesh,2008,3.3,1.57,0.54,0.23
1431,Nigeria,2008,3.59,14.27,0.84,0.16
1432,Botswana,2008,3.67,28.8,0.68,0.09
1433,Hungary,2008,30.97,63.33,5.76,5.06
1434,Democratic People's Republic of Korea,2008,32.28,40.69,3.48,1.74
1435,Latvia,2008,32.33,57.69,6.15,6.96
1436,Malta,2008,32.79,66.42,13.39,4.37
1437,Estonia,2008,33.42,67.15,6.45,9.25
1438,Slovakia,2008,33.69,66.07,5.16,5.1
1439,France,2008,33.85,81.64,11.86,6.9
1440,Israel,2008,35.2,52.58,6.54,8.28
1441,Spain,2008,35.23,49.49,9.88,5.56
1442,Czechia,2008,35.58,83.9,5.65,6.72
1443,Belarus,2008,35.78,102.86,3.15,5.37
1444,Germany,2008,35.84,99.49,6.15,8.01
1445,Kazakhstan,2008,35.88,68.57,7.84,3.43
1446,Azerbaijan,2008,36.35,80.51,1.68,2.78
1447,Iceland,2008,36.41,156.72,5.17,9.48
1448,Sweden,2008,36.81,115.17,7.76,8.14
1449,Italy,2008,37.4,54.7,10.0,4.8
1450,Finland,2008,37.42,102.67,10.01,7.56
1451,Portugal,2008,37.52,53.68,6.56,6.8
1452,Switzerland,2008,38.2,138.88,6.31,5.22
1453,Lithuania,2008,38.81,77.58,8.51,6.9
1454,Ireland,2008,39.52,135.64,9.95,6.05
1455,Norway,2008,39.55,160.97,6.06,8.79
1456,Jamaica,2008,4.05,10.75,0.35,0.17
1457,Samoa,2008,4.47,18.31,0.84,0.89
1458,Georgia,2008,42.05,41.39,0.8,2.96
1459,Austria,2008,46.27,65.77,6.4,5.65
1460,Russian Federation,2008,48.94,70.57,0.63,2.88
1461,Greece,2008,57.1,35.01,9.57,13.26
1462,Denmark,2008,58.57,109.24,4.52,8.22
1463,Seychelles,2008,7.57,44.0,0.43,1.3
1464,Ukraine,2008,72.64,65.15,0.25,4.54
1465,Malaysia,2008,9.11,28.04,2.32,1.32
1466,Tuvalu,2008,9.71,62.14,0.97,1.94
1467,Bahrain,2008,9.84,25.48,1.66,1.06
1468,Togo,2007,0.47,4.0,0.02,0.02
1469,Cameroon,2007,0.73,4.56,0.02,0.02
1470,Gambia,2007,0.9,7.15,0.07,0.06
1471,Madagascar,2007,1.73,2.81,0.0,0.1
1472,Afghanistan,2007,1.82,5.18,0.32,0.12
1473,Brunei Darussalam,2007,10.6,51.63,1.13,2.18
1474,Mauritius,2007,11.23,25.99,2.58,1.8
1475,Trinidad and Tobago,2007,11.3,34.25,4.7,2.15
1476,Algeria,2007,11.95,19.28,2.17,3.11
1477,Syrian Arab Republic,2007,14.17,17.99,6.22,7.08
1478,Colombia,2007,15.11,7.54,0.92,10.36
1479,Türkiye,2007,15.32,20.05,3.39,2.73
1480,Bosnia and Herzegovina,2007,15.4,47.09,0.91,1.86
1481,United Arab Emirates,2007,15.41,32.69,6.0,3.41
1482,Singapore,2007,16.06,48.59,3.23,2.95
1483,Republic of Korea,2007,17.53,42.1,6.49,3.96
1484,Tajikistan,2007,18.61,34.58,1.43,1.44
1485,Kuwait,2007,18.79,43.19,2.96,3.39
1486,Oman,2007,19.1,40.44,3.56,2.04
1487,Montenegro,2007,19.47,53.54,1.66,3.92
1488,Cyprus,2007,19.74,34.34,1.57,6.74
1489,Bhutan,2007,2.12,8.03,0.15,0.1
1490,Thailand,2007,2.92,15.07,1.18,1.39
1491,Turkmenistan,2007,21.75,42.75,1.85,1.34
1492,Poland,2007,21.97,57.68,6.08,3.51
1493,Jordan,2007,22.38,27.65,11.85,7.16
1494,New Zealand,2007,22.98,97.95,6.84,4.44
1495,Kyrgyzstan,2007,23.01,57.39,0.16,1.92
1496,Lebanon,2007,23.09,14.31,9.63,8.67
1497,Romania,2007,23.09,60.75,5.27,5.56
1498,Slovenia,2007,23.9,77.75,4.84,6.13
1499,United Kingdom of Great Britain and Northern Ireland,2007,24.81,91.05,6.2,4.79
1500,Republic of Moldova,2007,26.2,60.56,4.33,3.99
1501,Armenia,2007,26.35,50.69,0.37,3.39
1502,Uzbekistan,2007,26.45,109.24,0.33,1.75
1503,Luxembourg,2007,27.11,111.62,7.12,8.04
1504,Croatia,2007,27.34,55.26,6.04,7.57
1505,Netherlands (Kingdom of the),2007,27.68,83.7,1.93,4.44
1506,Hungary,2007,28.09,61.22,5.46,4.0
1507,Serbia,2007,28.52,59.5,2.77,3.5
1508,Belgium,2007,29.05,97.19,11.58,7.23
1509,Bolivia (Plurinational State of),2007,3.27,6.0,0.34,0.62
1510,Sudan,2007,3.46,9.92,0.12,0.23
1511,Nigeria,2007,3.61,14.32,0.86,0.17
1512,Namibia,2007,3.83,28.49,1.18,0.45
1513,Andorra,2007,30.4,34.19,8.91,5.74
1514,Latvia,2007,31.43,57.49,5.73,6.65
1515,Malta,2007,32.53,60.88,10.59,4.2
1516,Estonia,2007,32.6,67.02,6.5,8.68
1517,France,2007,33.88,79.19,11.77,6.98
1518,Slovakia,2007,33.88,66.39,6.03,5.32
1519,Germany,2007,35.28,97.67,6.09,7.92
1520,Kazakhstan,2007,35.3,71.32,7.78,3.52
1521,Spain,2007,35.38,47.31,9.46,5.39
1522,Belarus,2007,35.5,100.14,3.13,5.0
1523,Israel,2007,35.58,54.81,6.18,8.19
1524,Czechia,2007,35.61,84.15,5.6,6.72
1525,Iceland,2007,36.12,147.77,5.13,9.43
1526,Sweden,2007,36.25,114.79,7.82,8.29
1527,Portugal,2007,36.57,51.28,5.96,6.44
1528,Azerbaijan,2007,36.69,81.37,1.82,2.86
1529,Finland,2007,37.29,98.78,10.16,7.44
1530,Italy,2007,37.52,54.76,9.32,5.68
1531,Switzerland,2007,37.88,136.06,6.22,5.21
1532,Ireland,2007,38.38,136.51,10.18,5.77
1533,Norway,2007,38.44,159.81,5.7,8.72
1534,Lithuania,2007,38.84,76.59,8.49,7.18
1535,Georgia,2007,40.99,41.03,0.83,3.02
1536,Austria,2007,45.62,64.25,6.34,5.59
1537,Russian Federation,2007,49.17,71.25,0.62,2.88
1538,Sri Lanka,2007,5.38,19.85,0.43,0.64
1539,Marshall Islands,2007,5.96,36.15,1.15,1.15
1540,Greece,2007,56.32,34.61,8.87,13.06
1541,Denmark,2007,56.71,108.73,4.57,8.4
1542,Ukraine,2007,71.98,65.48,0.24,4.54
1543,Malaysia,2007,8.79,26.03,1.69,1.17
1544,Seychelles,2007,9.95,44.92,0.44,1.75
1545,Gambia,2006,1.02,4.39,0.06,0.06
1546,Madagascar,2006,1.63,2.89,0.0,0.1
1547,Afghanistan,2006,1.66,4.58,0.33,0.13
1548,Brunei Darussalam,2006,10.94,54.02,1.12,2.06
1549,Trinidad and Tobago,2006,11.72,34.07,4.16,2.09
1550,Albania,2006,11.89,41.78,3.85,3.39
1551,United Arab Emirates,2006,14.07,29.63,7.27,2.71
1552,Bosnia and Herzegovina,2006,14.6,45.77,0.85,1.9
1553,Kuwait,2006,14.6,41.69,3.03,3.14
1554,Colombia,2006,14.69,7.18,0.86,10.08
1555,Türkiye,2006,14.92,18.15,3.3,2.62
1556,Singapore,2006,15.73,47.49,3.22,3.0
1557,Republic of Korea,2006,17.01,40.43,6.51,3.86
1558,Oman,2006,18.21,38.23,3.2,1.97
1559,Cyprus,2006,18.22,32.98,1.52,6.78
1560,Tajikistan,2006,18.8,34.4,1.3,1.4
1561,Montenegro,2006,19.42,52.42,1.75,4.15
1562,Thailand,2006,2.84,15.27,1.19,1.32
1563,Japan,2006,20.82,93.13,13.61,7.39
1564,Jordan,2006,21.36,30.83,10.46,7.15
1565,Poland,2006,21.83,56.54,5.93,3.3
1566,Niue,2006,22.22,83.33,5.56,16.67
1567,Romania,2006,22.31,60.16,4.71,5.03
1568,Turkmenistan,2006,22.36,44.74,1.8,1.37
1569,New Zealand,2006,22.73,93.97,6.7,4.09
1570,Slovenia,2006,23.66,76.49,4.7,6.0
1571,Kyrgyzstan,2006,23.76,58.35,0.25,1.93
1572,Qatar,2006,23.78,63.58,10.86,5.0
1573,North Macedonia,2006,24.83,34.16,4.35,5.62
1574,Armenia,2006,25.62,50.57,0.34,3.16
1575,Republic of Moldova,2006,25.73,59.39,4.08,3.76
1576,Luxembourg,2006,26.05,112.6,7.11,7.93
1577,Croatia,2006,26.07,54.12,5.91,7.48
1578,Uzbekistan,2006,26.62,108.29,0.27,1.8
1579,Netherlands (Kingdom of the),2006,27.7,82.7,1.91,4.27
1580,Serbia,2006,27.83,57.84,2.73,3.5
1581,Belgium,2006,28.86,95.97,11.48,7.35
1582,Nigeria,2006,3.33,14.37,0.84,0.15
1583,Sudan,2006,3.46,10.43,0.48,0.3
1584,Latvia,2006,30.28,58.32,6.05,6.49
1585,Hungary,2006,30.42,64.07,5.34,4.97
1586,Andorra,2006,30.65,32.54,9.05,5.78
1587,Slovakia,2006,31.69,63.46,5.64,5.05
1588,Estonia,2006,31.82,66.12,6.01,8.87
1589,Belarus,2006,33.93,99.92,3.05,4.84
1590,France,2006,34.06,78.37,11.57,7.03
1591,Germany,2006,34.65,95.84,5.96,7.82
1592,Azerbaijan,2006,35.32,81.81,1.92,2.79
1593,Sweden,2006,35.43,113.65,7.68,8.3
1594,Czechia,2006,35.51,84.33,5.67,6.73
1595,Kazakhstan,2006,35.72,70.23,8.72,3.49
1596,Portugal,2006,35.72,48.42,5.66,6.49
1597,Israel,2006,35.93,55.95,6.48,8.13
1598,Spain,2006,36.01,45.81,9.17,5.21
1599,Iceland,2006,36.03,145.02,11.35,9.41
1600,Ireland,2006,36.31,125.56,9.62,5.66
1601,Italy,2006,36.85,53.52,7.49,6.3
1602,Finland,2006,36.91,96.56,10.03,7.54
1603,Norway,2006,37.32,158.37,5.52,8.81
1604,Malta,2006,37.64,58.03,11.87,4.57
1605,Switzerland,2006,37.9,133.45,6.04,5.19
1606,Lithuania,2006,37.91,76.78,7.85,6.6
1607,Georgia,2006,40.55,41.87,0.85,3.11
1608,Austria,2006,44.77,63.54,6.28,5.4
1609,Russian Federation,2006,48.73,71.54,0.64,2.9
1610,Iran (Islamic Republic of),2006,5.15,16.24,0.98,1.3
1611,Greece,2006,54.1,34.76,8.93,12.87
1612,Denmark,2006,56.28,108.02,4.6,8.51
1613,Ukraine,2006,71.85,65.56,0.25,4.53
1614,Malaysia,2006,8.3,26.58,1.63,1.11
1615,Seychelles,2006,8.3,45.8,0.44,1.66
1616,Bahrain,2006,9.77,26.19,1.73,1.04
1617,Cameroon,2005,0.61,3.93,0.02,0.02
1618,Cote d'Ivoire,2005,0.85,4.48,0.06,0.1
1619,Gambia,2005,1.0,4.39,0.07,0.06
1620,Uganda,2005,1.2,13.46,0.06,0.04
1621,Madagascar,2005,1.72,3.35,0.0,0.1
1622,Solomon Islands,2005,1.84,14.37,1.1,1.08
1623,Comoros,2005,1.96,5.8,0.25,0.29
1624,Brunei Darussalam,2005,10.87,55.89,1.14,2.03
1625,Seychelles,2005,11.65,43.67,0.78,1.12
1626,China,2005,12.39,10.3,2.67,0.39
1627,Bosnia and Herzegovina,2005,14.09,44.75,0.81,1.76
1628,Colombia,2005,14.32,6.78,0.81,9.7
1629,Türkiye,2005,14.55,17.56,3.28,2.62
1630,United Arab Emirates,2005,14.94,29.51,5.98,3.03
1631,Syrian Arab Republic,2005,15.01,18.39,7.03,8.36
1632,Singapore,2005,15.81,47.25,3.12,2.99
1633,Republic of Korea,2005,16.37,38.99,6.4,3.71
1634,Oman,2005,17.0,37.71,3.06,1.82
1635,Barbados,2005,18.2,48.79,9.34,3.09
1636,Cyprus,2005,18.81,29.88,1.54,7.03
1637,Montenegro,2005,18.97,52.18,1.64,4.31
1638,Tajikistan,2005,19.17,33.96,1.23,1.43
1639,Nigeria,2005,2.7,14.72,0.83,0.15
1640,North Macedonia,2005,21.02,33.55,4.2,6.58
1641,New Zealand,2005,21.05,97.08,6.74,3.96
1642,Poland,2005,21.4,56.45,5.79,3.21
1643,Jordan,2005,21.41,28.9,11.78,6.96
1644,Romania,2005,22.34,58.17,4.37,4.82
1645,Slovenia,2005,23.5,75.2,4.46,6.0
1646,Turkmenistan,2005,23.56,46.55,1.95,1.5
1647,Kyrgyzstan,2005,24.35,61.31,0.23,1.99
1648,Republic of Moldova,2005,25.15,58.89,4.14,3.64
1649,Armenia,2005,25.43,49.47,0.32,3.19
1650,Luxembourg,2005,25.57,112.91,7.01,7.95
1651,Croatia,2005,25.73,53.26,5.75,7.46
1652,Qatar,2005,26.05,59.12,13.33,8.36
1653,Uzbekistan,2005,26.77,110.09,0.31,1.97
1654,Netherlands (Kingdom of the),2005,26.84,82.56,1.79,4.07
1655,Serbia,2005,27.57,58.13,2.67,4.46
1656,Australia,2005,27.64,97.07,7.34,4.96
1657,Hungary,2005,27.87,61.59,5.28,4.48
1658,Belgium,2005,28.71,94.66,11.34,7.34
1659,Latvia,2005,29.59,52.04,5.71,6.34
1660,Slovakia,2005,30.35,63.31,5.0,5.43
1661,Estonia,2005,31.42,65.8,6.27,8.78
1662,Andorra,2005,32.95,34.37,9.3,5.94
1663,Belarus,2005,33.26,99.32,3.0,4.71
1664,Malta,2005,34.04,56.74,21.39,4.72
1665,France,2005,34.13,76.43,11.47,7.07
1666,Germany,2005,34.13,94.58,5.86,7.75
1667,Sweden,2005,34.54,112.06,7.66,8.22
1668,Kazakhstan,2005,34.76,66.37,9.79,3.27
1669,Portugal,2005,35.02,45.85,5.46,5.93
1670,Spain,2005,35.21,44.85,8.52,5.04
1671,Ireland,2005,35.31,122.25,9.15,5.6
1672,Czechia,2005,35.39,84.78,5.6,6.72
1673,Azerbaijan,2005,35.57,81.86,2.02,2.78
1674,Norway,2005,35.63,155.12,5.25,8.43
1675,Iceland,2005,36.12,147.51,11.19,9.74
1676,Israel,2005,36.26,56.06,6.69,8.37
1677,Finland,2005,36.74,93.67,9.97,7.79
1678,Italy,2005,36.87,51.89,8.54,5.98
1679,Lithuania,2005,37.21,76.05,7.22,7.13
1680,Switzerland,2005,37.4,129.25,6.04,5.07
1681,Georgia,2005,39.91,43.31,0.84,3.39
1682,Austria,2005,43.48,61.97,6.17,5.14
1683,Russian Federation,2005,47.74,70.86,0.66,2.88
1684,Greece,2005,50.59,35.67,8.72,12.24
1685,Denmark,2005,55.12,107.54,4.61,8.57
1686,Malaysia,2005,7.78,25.38,1.55,1.07
1687,Ukraine,2005,70.66,65.44,0.25,4.56
1688,Iran (Islamic Republic of),2005,8.61,13.65,1.94,1.84
1689,Bahrain,2005,9.95,25.62,1.76,1.05
1690,Niger,2004,0.22,2.12,0.02,0.01
1691,Mozambique,2004,0.26,3.28,0.01,0.01
1692,Sierra Leone,2004,0.31,2.26,0.16,0.01
1693,Liberia,2004,0.33,3.28,0.09,0.01
1694,Chad,2004,0.35,2.52,0.03,0.01
1695,Benin,2004,0.38,7.1,0.01,0.01
1696,Togo,2004,0.43,3.4,0.09,0.03
1697,Burkina Faso,2004,0.52,4.86,0.17,0.04
1698,Senegal,2004,0.54,3.0,0.06,0.06
1699,Eritrea,2004,0.55,9.64,0.07,0.06
1700,Mali,2004,0.55,6.36,0.27,0.03
1701,Angola,2004,0.63,9.94,0.49,0.12
1702,Central African Republic,2004,0.79,3.85,0.04,0.01
1703,Uganda,2004,0.81,6.99,0.08,0.04
1704,Cote d'Ivoire,2004,1.06,5.2,0.4,0.17
1705,Mauritania,2004,1.09,6.6,0.22,0.16
1706,Madagascar,2004,1.49,2.73,0.0,0.09
1707,Djibouti,2004,1.56,3.58,0.22,0.12
1708,Eswatini,2004,1.59,63.62,0.43,0.16
1709,Equatorial Guinea,2004,1.7,3.01,0.13,0.06
1710,Bhutan,2004,1.81,7.92,0.11,0.15
1711,Comoros,2004,1.98,10.13,0.26,0.29
1712,Maldives,2004,10.02,29.4,8.0,0.33
1713,Mauritius,2004,10.43,36.84,2.29,1.34
1714,Philippines,2004,10.86,41.56,5.75,5.31
1715,Libya,2004,12.32,47.34,1.97,1.48
1716,Tunisia,2004,13.11,28.07,2.73,2.07
1717,Brunei Darussalam,2004,13.12,54.55,1.16,1.93
1718,Cook Islands,2004,13.25,52.98,1.33,6.62
1719,Bosnia and Herzegovina,2004,13.72,43.72,0.89,1.74
1720,Seychelles,2004,13.72,71.88,0.57,1.47
1721,Colombia,2004,13.91,6.36,0.75,9.22
1722,Syrian Arab Republic,2004,14.12,18.6,6.94,8.35
1723,Türkiye,2004,14.16,17.35,3.3,2.61
1724,Singapore,2004,15.56,46.32,3.09,2.94
1725,Republic of Korea,2004,15.77,38.58,6.26,3.58
1726,Oman,2004,16.1,36.37,2.9,1.73
1727,United Arab Emirates,2004,17.62,30.79,4.53,3.35
1728,Cyprus,2004,18.98,31.9,1.43,6.85
1729,Tajikistan,2004,19.14,34.6,1.14,1.43
1730,Nepal,2004,2.07,4.55,0.1,0.09
1731,Sudan,2004,2.47,10.31,0.44,0.23
1732,Gabon,2004,2.78,47.68,0.23,0.1
1733,Thailand,2004,2.89,14.78,1.13,0.63
1734,Japan,2004,20.29,89.61,12.86,7.25
1735,Niue,2004,21.05,115.79,5.26,10.53
1736,North Macedonia,2004,21.52,34.82,1.54,5.44
1737,New Zealand,2004,21.9,94.23,9.64,3.85
1738,Republic of Moldova,2004,22.47,53.38,4.01,3.47
1739,Romania,2004,22.5,56.7,4.0,4.43
1740,Poland,2004,22.91,55.09,5.85,3.7
1741,Slovenia,2004,23.02,74.35,4.2,5.98
1742,Luxembourg,2004,24.22,93.59,7.0,7.72
1743,Armenia,2004,24.43,48.26,0.29,2.34
1744,Turkmenistan,2004,24.79,49.64,1.99,1.56
1745,Kyrgyzstan,2004,24.8,63.9,0.25,2.04
1746,Croatia,2004,25.74,52.9,5.6,7.41
1747,Netherlands (Kingdom of the),2004,26.25,81.89,1.76,4.03
1748,Australia,2004,26.92,101.52,9.18,5.01
1749,United States of America,2004,27.11,102.97,7.62,5.8
1750,Uzbekistan,2004,27.26,107.1,0.3,2.02
1751,Ireland,2004,27.4,123.46,8.77,5.5
1752,Serbia,2004,27.72,60.03,2.66,4.73
1753,Belgium,2004,28.68,92.33,11.15,7.4
1754,Latvia,2004,29.16,50.82,5.48,6.04
1755,Yemen,2004,3.05,6.22,0.42,0.22
1756,Namibia,2004,3.08,31.64,1.0,0.42
1757,Botswana,2004,3.96,26.3,0.78,0.21
1758,Estonia,2004,30.23,65.42,6.19,8.19
1759,Slovakia,2004,31.51,66.49,4.93,4.35
1760,Andorra,2004,32.17,29.88,9.69,6.06
1761,Belarus,2004,32.99,98.08,2.98,4.58
1762,Hungary,2004,33.44,59.85,5.11,5.11
1763,Malta,2004,33.69,55.02,20.5,4.41
1764,Sweden,2004,33.73,110.09,7.63,8.27
1765,Germany,2004,33.92,92.94,5.83,7.73
1766,Norway,2004,34.01,150.86,5.11,8.05
1767,France,2004,34.13,74.63,11.22,7.08
1768,Portugal,2004,34.17,43.68,5.21,5.61
1769,Spain,2004,34.19,44.25,8.03,4.87
1770,Kazakhstan,2004,34.55,65.23,7.31,3.42
1771,Czechia,2004,34.99,84.86,5.53,6.67
1772,Azerbaijan,2004,35.4,81.52,2.04,2.73
1773,Lithuania,2004,36.27,75.71,6.81,6.49
1774,Finland,2004,36.53,89.9,10.2,7.93
1775,Italy,2004,36.67,53.27,9.11,5.67
1776,Israel,2004,36.7,55.32,6.45,8.97
1777,Switzerland,2004,36.96,127.3,6.04,4.98
1778,Georgia,2004,39.6,43.39,0.92,3.14
1779,Iceland,2004,41.92,144.52,10.99,9.82
1780,Austria,2004,42.32,61.29,6.11,5.03
1781,Russian Federation,2004,47.4,71.11,0.64,2.92
1782,Greece,2004,49.28,35.31,8.64,12.16
1783,Sri Lanka,2004,5.22,16.54,0.45,0.38
1784,Morocco,2004,5.34,8.12,2.41,1.03
1785,Denmark,2004,53.68,106.09,4.36,8.57
1786,Pakistan,2004,6.79,4.19,0.47,0.38
1787,South Africa,2004,7.11,7.2,2.27,1.14
1788,Malaysia,2004,7.22,23.78,1.39,1.01
1789,Ukraine,2004,70.24,64.96,0.24,4.52
1790,Iran (Islamic Republic of),2004,8.65,13.7,1.37,1.52
1791,Saint Vincent and the Grenadines,2004,8.95,44.68,3.19,1.15
1792,Nauru,2004,9.9,62.38,9.9,0.99
1793,Ethiopia,2003,0.26,1.93,0.02,0.01
1794,Lesotho,2003,0.45,5.66,0.02,0.02
1795,Gambia,2003,0.99,11.92,0.11,0.04
1796,Indonesia,2003,1.31,8.0,0.06,0.23
1797,Madagascar,2003,1.41,2.9,0.0,0.09
1798,Tuvalu,2003,10.31,51.55,2.06,2.06
1799,Albania,2003,11.86,36.04,3.53,4.33
1800,Bosnia and Herzegovina,2003,13.3,43.53,0.87,1.1
1801,Colombia,2003,13.52,5.99,0.72,8.66
1802,Syrian Arab Republic,2003,13.68,18.02,6.04,8.34
1803,Türkiye,2003,13.93,17.12,3.3,2.62
1804,Republic of Korea,2003,15.79,35.98,11.45,3.37
1805,United Arab Emirates,2003,18.38,35.02,4.36,3.04
1806,Cyprus,2003,18.51,30.7,1.07,6.71
1807,Tajikistan,2003,19.06,35.02,1.02,1.4
1808,Samoa,2003,2.7,16.72,1.08,0.54
1809,Romania,2003,20.07,55.74,3.53,4.18
1810,Niue,2003,21.05,89.47,5.26,10.53
1811,North Macedonia,2003,21.37,34.76,1.53,5.44
1812,Jordan,2003,21.55,28.19,11.03,6.05
1813,New Zealand,2003,21.77,90.77,9.74,3.93
1814,Slovenia,2003,22.51,73.8,4.06,6.04
1815,Republic of Moldova,2003,23.26,54.89,3.13,3.35
1816,Luxembourg,2003,23.77,91.88,7.11,6.49
1817,Poland,2003,24.34,52.99,6.65,2.9
1818,Armenia,2003,24.39,49.04,0.31,2.07
1819,Kyrgyzstan,2003,25.01,66.33,0.27,1.92
1820,Croatia,2003,25.12,51.95,5.45,7.16
1821,Turkmenistan,2003,25.51,75.46,2.55,2.02
1822,Finland,2003,25.64,270.583,16.46,9.53
1823,Ireland,2003,25.72,147.72,8.48,5.44
1824,Netherlands (Kingdom of the),2003,25.94,80.54,1.73,4.01
1825,Australia,2003,26.15,98.88,7.92,4.71
1826,Serbia,2003,27.07,58.34,2.47,4.63
1827,Uzbekistan,2003,27.86,107.91,0.3,2.09
1828,Latvia,2003,28.3,49.16,5.56,5.56
1829,Estonia,2003,29.96,64.3,5.66,8.22
1830,Malta,2003,30.72,53.75,19.6,4.09
1831,Democratic People's Republic of Korea,2003,30.97,38.78,3.03,1.64
1832,Slovakia,2003,31.48,68.02,4.72,4.35
1833,Spain,2003,32.0,44.13,7.58,4.71
1834,Norway,2003,32.3,146.75,5.06,8.13
1835,Sweden,2003,32.83,108.1,7.47,8.14
1836,Belarus,2003,33.03,96.61,2.96,4.4
1837,Portugal,2003,33.42,41.94,4.9,5.34
1838,Germany,2003,33.69,92.07,5.84,7.67
1839,France,2003,33.96,72.95,10.91,7.1
1840,Kazakhstan,2003,34.68,64.01,6.6,3.31
1841,Czechia,2003,35.09,84.06,5.47,6.57
1842,Andorra,2003,35.11,30.94,9.78,6.33
1843,Azerbaijan,2003,35.34,82.54,2.19,2.71
1844,Italy,2003,36.04,54.54,11.45,5.37
1845,Iceland,2003,36.15,143.79,10.95,9.95
1846,Switzerland,2003,36.58,128.54,6.23,4.91
1847,Lithuania,2003,36.69,76.54,6.65,6.72
1848,Israel,2003,36.99,56.64,6.1,9.48
1849,Hungary,2003,37.83,59.84,5.07,5.29
1850,Georgia,2003,39.7,43.92,0.91,3.45
1851,Fiji,2003,4.39,19.16,1.04,0.69
1852,Austria,2003,41.44,58.87,5.99,4.97
1853,Russian Federation,2003,47.05,70.96,0.65,2.93
1854,Denmark,2003,51.22,104.74,4.47,8.52
1855,Malaysia,2003,7.37,22.46,1.26,0.98
1856,Trinidad and Tobago,2003,7.75,29.73,3.92,1.86
1857,Ukraine,2003,70.05,64.8,0.26,4.52
1858,Ecuador,2003,8.08,15.23,0.37,1.66
1859,Mauritius,2003,9.44,23.82,2.25,1.24
1860,United Republic of Tanzania,2002,0.23,3.68,0.03,0.04
1861,Madagascar,2002,1.3,2.99,0.01,0.07
1862,Philippines,2002,10.88,41.8,5.58,5.2
1863,Algeria,2002,11.14,21.97,1.71,2.79
1864,Albania,2002,11.67,36.6,3.48,4.28
1865,Brunei Darussalam,2002,11.76,62.34,0.88,2.06
1866,Paraguay,2002,12.08,19.5,1.61,4.61
1867,Bosnia and Herzegovina,2002,13.0,40.09,0.89,1.64
1868,Colombia,2002,13.21,5.7,0.69,7.99
1869,Türkiye,2002,13.71,16.98,3.32,2.44
1870,Syrian Arab Republic,2002,14.35,19.18,5.76,8.36
1871,Republic of Korea,2002,15.0,36.39,11.24,3.3
1872,United Arab Emirates,2002,17.61,33.39,4.08,2.91
1873,Cyprus,2002,18.7,30.51,1.47,6.62
1874,Japan,2002,19.76,86.0,12.11,7.1
1875,Thailand,2002,2.95,13.18,1.14,0.7
1876,Tajikistan,2002,20.08,37.98,1.04,1.46
1877,Jordan,2002,20.86,26.72,10.62,4.24
1878,Romania,2002,21.04,56.69,3.26,3.84
1879,New Zealand,2002,21.24,93.89,9.77,3.93
1880,North Macedonia,2002,22.04,36.78,1.55,5.7
1881,Slovenia,2002,22.29,71.71,3.91,6.02
1882,Luxembourg,2002,22.56,79.91,6.94,6.45
1883,Poland,2002,23.04,54.31,6.39,2.82
1884,Republic of Moldova,2002,23.3,55.89,3.23,3.29
1885,Ireland,2002,24.04,152.95,8.0,5.35
1886,Croatia,2002,24.59,51.76,5.31,7.03
1887,Kyrgyzstan,2002,25.23,68.39,0.27,2.06
1888,Finland,2002,25.27,259.697,15.97,9.6
1889,Armenia,2002,25.45,50.93,0.35,1.92
1890,Australia,2002,25.46,98.93,6.58,4.78
1891,Netherlands (Kingdom of the),2002,25.53,78.81,1.65,3.96
1892,Turkmenistan,2002,26.57,71.95,2.6,2.09
1893,Mongolia,2002,27.29,35.3,3.6,1.26
1894,Latvia,2002,27.88,47.65,6.39,5.46
1895,Uzbekistan,2002,28.49,108.53,0.3,2.11
1896,Estonia,2002,29.64,63.19,5.47,7.82
1897,Andorra,2002,30.53,32.93,10.08,6.32
1898,Spain,2002,31.05,42.0,7.77,4.62
1899,Slovakia,2002,32.01,71.32,4.55,4.35
1900,Malta,2002,32.1,53.8,19.95,3.92
1901,Sweden,2002,32.12,106.95,7.42,8.17
1902,Norway,2002,32.18,142.24,4.82,8.09
1903,Belarus,2002,32.75,97.67,2.9,4.43
1904,Portugal,2002,32.91,40.14,4.49,5.03
1905,Germany,2002,33.38,90.17,5.89,7.59
1906,France,2002,33.81,68.62,10.77,7.1
1907,Kazakhstan,2002,34.27,63.58,4.13,3.2
1908,Czechia,2002,34.91,84.42,5.27,6.54
1909,Azerbaijan,2002,35.41,83.03,2.73,2.79
1910,Switzerland,2002,35.61,123.19,6.32,4.81
1911,Iceland,2002,35.78,139.92,10.85,10.01
1912,Hungary,2002,36.79,58.98,5.0,4.78
1913,Israel,2002,36.98,57.97,6.42,8.87
1914,Lithuania,2002,37.02,77.92,6.11,6.5
1915,Georgia,2002,39.28,43.99,0.91,3.4
1916,Austria,2002,40.6,58.81,5.82,4.9
1917,Russian Federation,2002,46.76,70.61,0.6,2.96
1918,Denmark,2002,50.57,105.58,4.39,8.52
1919,Tuvalu,2002,6.25,40.63,1.04,2.08
1920,Malaysia,2002,7.24,21.5,1.17,0.95
1921,Trinidad and Tobago,2002,7.91,28.64,3.76,1.65
1922,Ukraine,2002,70.14,64.65,0.25,4.5
1923,Ecuador,2002,8.49,16.28,0.38,1.7
1924,Italy,2002,93.44,58.17,11.17,5.4
1925,Colombia,2001,12.9,5.37,0.68,7.22
1926,Albania,2001,13.03,38.1,3.45,4.84
1927,Bosnia and Herzegovina,2001,13.03,39.51,0.84,1.63
1928,Türkiye,2001,13.56,17.25,3.34,2.43
1929,Republic of Korea,2001,13.97,34.04,11.03,3.13
1930,Singapore,2001,14.39,42.27,2.77,2.64
1931,Barbados,2001,16.01,60.21,7.05,2.29
1932,United Arab Emirates,2001,17.59,32.98,4.06,2.81
1933,Cyprus,2001,19.08,30.73,1.35,6.58
1934,Jordan,2001,19.33,28.94,9.07,5.22
1935,Romania,2001,19.88,54.73,3.23,3.75
1936,Thailand,2001,2.98,12.26,1.08,0.68
1937,Tajikistan,2001,20.95,38.41,1.06,1.44
1938,North Macedonia,2001,21.58,35.35,1.5,5.45
1939,Slovenia,2001,21.74,71.34,3.84,5.92
1940,New Zealand,2001,21.82,101.3,9.79,4.11
1941,Luxembourg,2001,22.09,76.75,6.68,6.23
1942,Poland,2001,22.67,54.47,6.22,2.65
1943,Republic of Moldova,2001,22.91,55.31,3.33,3.11
1944,Ireland,2001,23.73,147.71,8.19,5.19
1945,Croatia,2001,24.53,51.58,5.2,7.02
1946,Netherlands (Kingdom of the),2001,24.94,106.14,1.61,3.93
1947,Finland,2001,25.0,247.887,15.72,9.66
1948,Australia,2001,25.51,105.02,6.51,4.75
1949,Armenia,2001,25.9,53.93,0.31,1.67
1950,Lebanon,2001,26.14,9.44,7.63,9.73
1951,Kyrgyzstan,2001,26.38,72.63,0.29,2.12
1952,Andorra,2001,26.56,32.47,9.71,6.37
1953,Latvia,2001,26.86,47.14,6.21,5.3
1954,Turkmenistan,2001,27.02,85.14,3.04,2.25
1955,Estonia,2001,27.83,61.25,5.76,8.08
1956,Uzbekistan,2001,29.11,108.85,0.27,2.11
1957,Tonga,2001,3.39,33.01,1.65,3.2
1958,Spain,2001,31.06,39.95,7.77,4.49
1959,Sweden,2001,31.21,104.79,7.39,8.11
1960,Slovakia,2001,32.23,72.63,4.25,4.41
1961,Belarus,2001,32.52,96.53,3.02,4.42
1962,Hungary,2001,32.55,57.32,4.94,3.58
1963,Kazakhstan,2001,32.93,61.79,3.03,2.78
1964,Germany,2001,33.1,89.1,5.82,7.57
1965,France,2001,33.58,69.72,10.53,7.12
1966,Czechia,2001,34.42,83.17,5.08,6.55
1967,Iceland,2001,34.73,139.04,9.89,10.0
1968,Italy,2001,34.87,57.55,11.0,5.41
1969,Switzerland,2001,35.14,119.08,6.27,4.75
1970,Azerbaijan,2001,35.25,84.94,2.6,2.73
1971,Lithuania,2001,36.28,79.55,6.2,6.95
1972,Israel,2001,36.93,58.78,6.71,8.2
1973,Georgia,2001,37.93,43.97,0.94,3.17
1974,Austria,2001,39.89,57.81,5.7,4.82
1975,Russian Federation,2001,46.39,69.99,0.57,2.96
1976,Denmark,2001,49.07,104.19,4.35,8.6
1977,Saint Vincent and the Grenadines,2001,5.46,41.94,2.03,1.85
1978,Malaysia,2001,6.86,21.1,1.09,0.95
1979,Ukraine,2001,70.27,64.79,0.27,4.48
1980,Ecuador,2001,8.51,15.84,0.38,1.64
1981,Cook Islands,2001,9.21,34.21,1.32,6.58
1982,Trinidad and Tobago,2001,9.31,26.65,3.82,1.65
1983,Guinea,2000,0.91,4.51,0.17,0.02
1984,Cambodia,2000,1.64,8.93,0.45,0.17
1985,Republic of Korea,2000,13.02,30.0,10.83,3.08
1986,Türkiye,2000,13.03,16.99,3.35,2.43
1987,Bosnia and Herzegovina,2000,13.12,40.3,0.91,1.74
1988,Costa Rica,2000,13.22,11.84,2.91,3.73
1989,Syrian Arab Republic,2000,13.47,19.28,5.33,6.71
1990,Albania,2000,13.66,39.7,3.39,4.6
1991,Oman,2000,14.28,34.31,2.17,1.15
1992,United Arab Emirates,2000,16.16,30.51,3.92,2.3
1993,Jordan,2000,17.78,28.9,8.04,5.36
1994,Cyprus,2000,18.99,30.93,1.27,6.53
1995,Romania,2000,19.61,53.94,3.18,3.61
1996,Tajikistan,2000,21.48,41.36,1.08,1.47
1997,Luxembourg,2000,21.51,76.06,6.42,5.96
1998,Slovenia,2000,21.54,68.62,3.76,5.83
1999,North Macedonia,2000,21.66,35.24,1.51,5.49
2000,Ireland,2000,22.19,139.57,8.01,4.99
2001,Poland,2000,22.23,55.32,5.79,3.07
2002,New Zealand,2000,22.33,95.85,9.78,4.12
2003,Croatia,2000,24.13,51.22,4.95,6.88
2004,Netherlands (Kingdom of the),2000,24.23,103.1,1.54,3.9
2005,Republic of Moldova,2000,24.37,56.22,3.12,3.14
2006,Australia,2000,24.76,100.13,8.0,4.54
2007,Finland,2000,24.99,80.02,15.43,9.71
2008,Andorra,2000,25.57,33.03,9.74,6.55
2009,United States of America,2000,25.96,101.93,7.56,4.77
2010,Armenia,2000,26.52,58.03,0.34,2.37
2011,Turkmenistan,2000,27.08,86.34,3.21,2.37
2012,Kyrgyzstan,2000,27.46,77.88,0.28,2.23
2013,Latvia,2000,28.79,47.82,6.06,5.22
2014,Estonia,2000,29.42,61.99,5.83,7.54
2015,Uzbekistan,2000,29.61,108.95,0.27,2.06
2016,Hungary,2000,30.12,54.94,4.81,3.24
2017,Sweden,2000,30.26,103.23,7.3,8.07
2018,Spain,2000,31.01,36.57,7.11,4.28
2019,Kazakhstan,2000,31.58,59.43,2.94,2.55
2020,Slovakia,2000,32.38,74.49,3.66,4.43
2021,Germany,2000,32.63,88.27,5.86,7.51
2022,Belarus,2000,32.68,95.49,3.2,4.49
2023,France,2000,33.28,68.15,10.31,7.16
2024,Czechia,2000,33.8,80.81,4.94,6.5
2025,Italy,2000,34.24,57.07,10.98,5.59
2026,Iceland,2000,34.41,139.85,9.6,10.06
2027,Switzerland,2000,35.1,118.74,6.19,4.83
2028,Azerbaijan,2000,35.52,86.06,2.9,2.73
2029,Lithuania,2000,36.26,80.23,5.93,6.85
2030,Israel,2000,36.97,58.23,6.55,8.18
2031,Georgia,2000,38.67,47.38,0.99,3.48
2032,Austria,2000,38.76,57.34,5.66,4.65
2033,Russian Federation,2000,46.36,8.24,0.58,2.97
2034,Denmark,2000,48.68,103.05,4.08,8.58
2035,Honduras,2000,5.59,12.97,0.53,1.74
2036,Malaysia,2000,6.8,20.49,1.02,0.93
2037,Ukraine,2000,70.24,65.0,0.29,4.51
2038,Ecuador,2000,8.12,16.22,0.38,1.63
2039,Trinidad and Tobago,2000,9.66,24.96,4.17,1.5
2040,Solomon Islands,1999,1.25,8.39,0.65,0.6
2041,Djibouti,1999,1.28,6.81,0.11,0.08
2042,Türkiye,1999,12.33,16.99,3.4,2.16
2043,Syrian Arab Republic,1999,13.18,18.8,5.05,6.59
2044,Singapore,1999,13.43,40.2,2.63,2.38
2045,Ecuador,1999,13.69,16.49,0.34,1.6
2046,Jordan,1999,18.36,27.82,7.25,5.14
2047,Cyprus,1999,18.92,31.68,1.22,6.49
2048,Thailand,1999,2.91,10.92,0.97,0.65
2049,Tajikistan,1999,20.88,42.99,1.18,1.44
2050,Slovenia,1999,21.28,68.8,3.46,5.86
2051,New Zealand,1999,22.46,95.87,9.78,4.06
2052,Ireland,1999,22.57,135.74,7.69,4.78
2053,Poland,1999,22.86,57.42,5.71,3.46
2054,Netherlands (Kingdom of the),1999,23.61,101.7,1.53,3.85
2055,Croatia,1999,23.8,49.5,4.74,6.65
2056,Australia,1999,24.33,101.22,6.26,4.7
2057,Luxembourg,1999,24.96,75.37,6.42,6.26
2058,Latvia,1999,27.17,49.17,6.75,4.69
2059,Sweden,1999,29.66,102.47,6.64,8.17
2060,Estonia,1999,29.92,63.32,5.74,7.55
2061,Spain,1999,30.19,34.95,6.28,4.14
2062,Czechia,1999,30.88,78.54,4.67,6.27
2063,Belarus,1999,32.59,95.4,3.17,4.47
2064,Kazakhstan,1999,32.71,64.43,2.33,3.84
2065,France,1999,33.13,66.21,10.04,7.22
2066,Iceland,1999,33.81,141.53,9.95,10.02
2067,Bulgaria,1999,35.03,62.9,1.68,5.77
2068,Azerbaijan,1999,35.16,88.29,3.07,2.77
2069,Hungary,1999,35.6,56.01,4.66,4.51
2070,Finland,1999,36.713,164.82,15.19,9.7
2071,Lithuania,1999,37.16,83.47,5.92,6.5
2072,Israel,1999,37.28,55.95,6.22,9.53
2073,Georgia,1999,38.73,50.01,1.09,3.87
2074,Russian Federation,1999,46.35,3.75,0.5,2.73
2075,Denmark,1999,47.21,93.58,4.29,8.62
2076,Malaysia,1999,6.91,19.27,1.03,0.85
2077,Austria,1999,68.51,56.08,5.55,4.59
2078,Trinidad and Tobago,1999,8.91,27.76,3.8,1.44
2079,Cambodia,1998,1.42,9.69,0.34,0.06
2080,Türkiye,1998,11.78,17.03,3.34,2.06
2081,Ecuador,1998,13.07,16.26,0.31,1.54
2082,Syrian Arab Republic,1998,13.2,22.86,5.02,6.62
2083,Cyprus,1998,18.82,32.12,1.24,6.42
2084,Thailand,1998,2.92,10.36,0.96,0.64
2085,Tajikistan,1998,20.32,43.43,1.2,1.84
2086,Ireland,1998,21.83,130.9,7.44,4.62
2087,Slovenia,1998,21.89,67.54,3.4,5.91
2088,New Zealand,1998,22.28,96.46,9.75,3.93
2089,Croatia,1998,23.17,48.01,4.61,6.66
2090,Finland,1998,23.2,158.96,14.91,9.67
2091,Poland,1998,23.51,61.98,5.28,4.52
2092,Australia,1998,23.89,102.46,6.2,4.69
2093,Luxembourg,1998,24.45,74.59,6.18,6.18
2094,Andorra,1998,24.77,28.59,8.72,5.2
2095,Latvia,1998,27.39,48.02,6.38,4.14
2096,Spain,1998,28.95,34.47,5.66,3.97
2097,Sweden,1998,29.19,101.27,6.74,8.19
2098,Estonia,1998,29.46,64.17,5.51,7.41
2099,Argentina,1998,29.91,7.97,4.21,7.95
2100,Czechia,1998,30.39,78.14,4.44,6.22
2101,Uzbekistan,1998,30.62,108.72,0.31,2.43
2102,Belarus,1998,31.93,93.2,3.1,4.11
2103,France,1998,33.15,64.03,9.7,7.18
2104,Iceland,1998,33.16,142.58,12.19,9.89
2105,Kazakhstan,1998,33.99,67.94,2.63,2.42
2106,Bulgaria,1998,34.99,65.33,1.88,5.95
2107,Hungary,1998,35.26,56.98,4.67,4.39
2108,Azerbaijan,1998,35.48,89.41,3.26,2.84
2109,Lithuania,1998,37.23,92.06,5.84,6.27
2110,Georgia,1998,38.03,49.25,1.07,3.5
2111,Israel,1998,38.11,55.09,5.82,10.02
2112,Russian Federation,1998,46.05,3.87,0.49,2.73
2113,Denmark,1998,46.57,93.93,4.21,8.73
2114,Malaysia,1998,6.86,18.38,0.97,0.96
2115,Austria,1998,68.54,54.58,5.44,4.54
2116,Trinidad and Tobago,1998,9.04,26.26,4.05,1.44
2117,Jordan,1998,9.47,26.9,6.97,4.84
2118,Angola,1997,0.6,9.3,0.02,0.0
2119,Türkiye,1997,11.38,16.78,3.25,1.99
2120,Libya,1997,12.58,35.1,2.42,1.37
2121,Syrian Arab Republic,1997,12.76,21.9,4.7,6.33
2122,Brazil,1997,12.95,20.62,3.37,6.16
2123,Ecuador,1997,13.19,16.96,0.29,1.57
2124,Cyprus,1997,18.77,32.32,1.26,6.38
2125,Tajikistan,1997,19.18,47.09,1.24,1.55
2126,Yemen,1997,2.13,3.71,0.33,0.14
2127,Thailand,1997,2.73,9.28,0.98,0.56
2128,Ireland,1997,21.24,128.41,7.21,4.55
2129,New Zealand,1997,21.77,90.06,9.62,3.9
2130,Slovenia,1997,22.35,67.09,5.32,5.87
2131,Croatia,1997,22.93,46.24,4.41,6.3
2132,Finland,1997,22.95,152.33,14.61,9.58
2133,Poland,1997,23.76,63.11,5.39,4.6
2134,Australia,1997,23.88,103.66,6.14,4.64
2135,Luxembourg,1997,24.06,75.23,5.92,5.85
2136,Andorra,1997,24.42,26.89,8.66,7.42
2137,Spain,1997,28.42,34.64,6.0,3.78
2138,Sweden,1997,28.54,99.19,6.83,8.17
2139,Latvia,1997,28.66,50.55,6.7,4.41
2140,Czechia,1997,31.19,78.29,4.28,6.29
2141,Belarus,1997,31.33,79.5,2.98,3.94
2142,Estonia,1997,31.89,64.75,5.41,7.34
2143,Kazakhstan,1997,32.41,71.65,2.41,2.63
2144,Iceland,1997,32.6,138.5,12.13,10.47
2145,Hungary,1997,34.52,55.61,4.64,3.72
2146,Bulgaria,1997,34.87,64.93,1.93,6.38
2147,Azerbaijan,1997,36.38,94.0,5.8,3.06
2148,Georgia,1997,36.63,48.75,1.05,3.64
2149,Lithuania,1997,37.6,92.93,5.82,5.89
2150,Israel,1997,37.78,54.19,6.32,9.45
2151,Denmark,1997,44.95,92.78,4.13,8.62
2152,Russian Federation,1997,45.55,3.53,0.6,2.69
2153,Malaysia,1997,6.67,14.33,0.82,0.87
2154,Austria,1997,65.97,53.73,5.35,4.54
2155,Trinidad and Tobago,1997,7.27,22.14,3.97,1.23
2156,Cambodia,1996,1.15,10.77,0.3,0.06
2157,Türkiye,1996,11.16,16.36,3.16,1.96
2158,Ecuador,1996,13.03,16.84,0.28,1.54
2159,Niue,1996,13.04,56.52,4.35,8.7
2160,Cyprus,1996,18.69,32.38,1.24,6.33
2161,Tajikistan,1996,19.72,47.73,1.32,1.58
2162,New Zealand,1996,20.47,97.34,9.76,3.66
2163,Ireland,1996,20.95,123.19,7.0,4.42
2164,Slovenia,1996,21.4,65.69,5.25,5.68
2165,Croatia,1996,22.16,43.57,4.04,6.07
2166,Finland,1996,22.6,145.45,14.41,9.44
2167,Luxembourg,1996,23.15,73.64,6.09,5.58
2168,Poland,1996,23.68,62.55,5.25,4.66
2169,Australia,1996,23.9,113.83,6.08,4.66
2170,Spain,1996,27.24,33.88,5.8,3.7
2171,Sweden,1996,28.38,99.84,6.83,8.42
2172,Czechia,1996,29.9,78.62,3.96,6.09
2173,Belarus,1996,30.84,78.59,2.59,3.82
2174,Georgia,1996,30.86,46.84,0.94,3.59
2175,Estonia,1996,31.07,66.33,5.02,6.98
2176,Iceland,1996,31.19,130.93,11.64,10.3
2177,Kyrgyzstan,1996,31.28,88.98,0.49,2.36
2178,Hungary,1996,34.0,56.54,3.98,3.57
2179,Kazakhstan,1996,35.3,82.08,1.32,3.68
2180,Bulgaria,1996,35.69,69.56,2.19,6.63
2181,Israel,1996,36.85,54.79,6.55,8.85
2182,Lithuania,1996,37.2,94.84,5.79,4.64
2183,Azerbaijan,1996,37.29,98.97,5.98,3.17
2184,Malaysia,1996,4.89,14.3,0.82,0.86
2185,Denmark,1996,43.11,90.29,3.88,8.57
2186,Russian Federation,1996,45.19,3.28,0.65,2.65
2187,Austria,1996,63.96,52.47,5.25,4.41
2188,Trinidad and Tobago,1996,7.36,21.92,3.95,1.08
2189,Zimbabwe,1995,1.49,15.87,0.46,0.14
2190,Türkiye,1995,11.12,16.67,3.11,1.89
2191,Oman,1995,11.68,28.47,1.68,0.67
2192,Barbados,1995,13.66,51.91,6.45,1.91
2193,Cyprus,1995,18.63,32.7,1.37,6.29
2194,Thailand,1995,2.4,9.18,0.99,0.49
2195,Tajikistan,1995,20.35,48.62,0.74,1.61
2196,New Zealand,1995,20.49,97.22,9.61,3.66
2197,Ireland,1995,20.95,118.92,6.75,4.34
2198,Croatia,1995,21.05,41.72,3.84,5.78
2199,Slovenia,1995,21.21,63.91,4.88,6.36
2200,Finland,1995,21.91,138.52,14.33,9.32
2201,Andorra,1995,22.38,24.57,8.29,4.85
2202,Luxembourg,1995,22.39,71.36,5.76,5.46
2203,Poland,1995,23.31,61.53,5.07,4.64
2204,Australia,1995,24.64,107.83,5.93,4.58
2205,Sweden,1995,28.17,99.96,6.74,8.65
2206,Czechia,1995,30.01,79.09,3.65,6.06
2207,Belarus,1995,30.18,77.88,2.45,3.62
2208,Iceland,1995,30.24,131.03,10.95,10.09
2209,Estonia,1995,31.56,68.48,4.98,6.4
2210,Hungary,1995,33.55,55.84,3.32,3.5
2211,Bulgaria,1995,34.78,69.02,2.25,6.56
2212,Kazakhstan,1995,35.94,89.35,0.69,4.01
2213,Lithuania,1995,36.86,94.49,5.91,4.7
2214,Israel,1995,37.04,81.03,5.45,10.82
2215,Azerbaijan,1995,37.85,102.27,5.8,3.23
2216,Malaysia,1995,4.73,14.18,0.76,0.86
2217,Denmark,1995,42.39,89.49,4.04,8.54
2218,Spain,1995,42.82,42.98,10.33,3.5
2219,Russian Federation,1995,44.08,3.55,0.4,2.58
2220,Austria,1995,62.04,51.28,5.12,4.25
2221,Trinidad and Tobago,1995,9.13,28.85,4.12,1.04
2222,Türkiye,1994,10.97,15.31,3.06,1.91
2223,Ecuador,1994,12.55,16.15,0.24,1.54
2224,Albania,1994,12.94,49.58,3.98,3.95
2225,Cyprus,1994,18.09,32.27,1.23,6.24
2226,New Zealand,1994,19.83,95.76,9.71,3.62
2227,Ireland,1994,19.86,114.85,6.5,4.16
2228,Croatia,1994,20.55,45.13,3.67,5.54
2229,Tajikistan,1994,21.7,53.87,0.34,1.59
2230,Slovenia,1994,21.91,59.8,4.92,5.31
2231,Poland,1994,22.88,60.73,4.88,4.56
2232,Australia,1994,24.25,114.4,5.94,4.35
2233,Czechia,1994,29.36,77.45,3.4,5.95
2234,Belarus,1994,29.87,73.71,3.47,3.56
2235,Iceland,1994,29.95,135.85,9.81,10.26
2236,Hungary,1994,29.97,57.04,3.2,3.51
2237,Finland,1994,32.778,131.67,14.11,9.06
2238,Bulgaria,1994,33.38,68.31,2.47,6.58
2239,Austria,1994,34.07,49.21,5.05,4.13
2240,Republic of Moldova,1994,34.95,107.62,6.62,4.34
2241,Kazakhstan,1994,35.73,91.68,6.51,3.98
2242,Sweden,1994,36.56,148.11,6.59,14.84
2243,Lithuania,1994,36.95,94.69,5.19,4.97
2244,Azerbaijan,1994,37.88,106.46,5.9,3.24
2245,Malaysia,1994,4.46,16.3,0.76,0.86
2246,Denmark,1994,41.07,89.21,3.97,8.55
2247,Spain,1994,42.21,42.14,10.12,3.32
2248,Russian Federation,1994,42.97,3.71,0.31,2.76
2249,Türkiye,1993,10.35,15.32,3.0,1.88
2250,Ecuador,1993,10.89,14.18,0.24,1.38
2251,Albania,1993,13.77,48.24,3.89,3.77
2252,Cyprus,1993,17.45,32.13,1.22,6.03
2253,New Zealand,1993,19.23,93.54,9.81,3.66
2254,Sri Lanka,1993,2.18,10.84,0.33,0.23
2255,Thailand,1993,2.38,8.13,0.82,0.49
2256,Slovenia,1993,20.29,58.97,3.59,4.86
2257,Croatia,1993,20.49,46.02,3.81,5.66
2258,Tajikistan,1993,21.19,56.54,0.4,1.64
2259,Poland,1993,22.29,59.45,4.59,4.43
2260,Australia,1993,23.87,110.44,5.75,4.3
2261,Czechia,1993,28.67,77.48,3.32,5.71
2262,Iceland,1993,29.53,134.88,9.1,10.01
2263,Hungary,1993,29.56,56.92,3.15,3.36
2264,Finland,1993,32.264,118.26,13.83,8.85
2265,Austria,1993,32.95,45.94,4.9,3.98
2266,Bulgaria,1993,33.61,69.62,2.81,6.76
2267,Republic of Moldova,1993,34.75,109.93,6.87,4.27
2268,Denmark,1993,35.46,89.81,3.66,8.43
2269,Sweden,1993,35.66,144.53,6.43,14.69
2270,Kazakhstan,1993,37.32,96.78,7.35,4.24
2271,Azerbaijan,1993,38.42,110.24,5.93,3.14
2272,Malaysia,1993,4.29,15.37,0.69,0.83
2273,Spain,1993,41.75,42.34,9.99,3.09
2274,Russian Federation,1993,43.31,3.2,0.22,2.72
2275,Ecuador,1992,11.76,16.55,0.24,1.67
2276,Cyprus,1992,16.88,31.15,1.2,5.95
2277,New Zealand,1992,19.03,87.94,9.76,3.64
2278,Croatia,1992,19.75,46.6,3.65,4.25
2279,Poland,1992,21.9,59.44,4.27,4.35
2280,Tajikistan,1992,23.14,57.46,1.13,1.55
2281,Australia,1992,23.63,115.28,5.76,4.27
2282,Argentina,1992,26.36,20.48,3.12,6.5
2283,Czechia,1992,26.81,77.84,3.52,5.49
2284,Monaco,1992,27.18,148.87,20.07,11.65
2285,Iceland,1992,29.53,132.29,9.04,9.84
2286,Hungary,1992,30.06,53.64,3.27,3.25
2287,Finland,1992,31.485,112.24,13.62,8.74
2288,Bulgaria,1992,31.59,66.89,3.12,6.67
2289,Austria,1992,32.13,43.44,4.78,3.82
2290,Estonia,1992,32.49,69.43,4.53,5.52
2291,Kyrgyzstan,1992,33.04,100.6,2.51,2.83
2292,Republic of Moldova,1992,34.27,109.71,6.99,4.31
2293,Sweden,1992,34.68,140.75,6.25,14.55
2294,Denmark,1992,34.92,89.0,3.56,8.46
2295,Azerbaijan,1992,38.05,109.61,6.18,3.1
2296,Kazakhstan,1992,38.25,101.92,8.42,4.11
2297,Malaysia,1992,4.1,14.73,0.72,0.83
2298,Spain,1992,41.26,41.83,9.82,3.0
2299,Russian Federation,1992,42.8,2.71,0.2,2.68
2300,Ecuador,1991,11.4,16.29,0.24,1.55
2301,India,1991,12.31,3.79,2.01,0.15
2302,Bosnia and Herzegovina,1991,15.76,49.21,1.82,3.02
2303,Cyprus,1991,15.83,30.99,1.2,5.77
2304,New Zealand,1991,18.89,93.19,9.92,3.63
2305,Croatia,1991,19.28,45.11,3.58,4.3
2306,Thailand,1991,2.3,7.31,0.78,0.43
2307,Poland,1991,21.74,59.7,4.22,4.6
2308,Australia,1991,23.25,120.32,6.8,4.19
2309,Tajikistan,1991,25.55,60.61,1.25,1.38
2310,Czechia,1991,26.76,77.48,3.66,5.49
2311,Iceland,1991,28.47,132.7,8.61,9.35
2312,Malaysia,1991,3.92,14.45,0.66,0.82
2313,Hungary,1991,30.28,50.77,3.22,2.34
2314,Finland,1991,30.739,106.7,13.32,8.6
2315,Bulgaria,1991,30.77,66.39,3.72,6.78
2316,Austria,1991,30.88,41.65,4.62,3.72
2317,Denmark,1991,32.85,124.18,6.54,13.17
2318,Sweden,1991,33.61,136.68,6.13,14.43
2319,Republic of Moldova,1991,34.09,110.01,7.47,4.26
2320,Estonia,1991,35.26,71.09,5.24,5.31
2321,Kazakhstan,1991,37.34,103.97,8.52,4.0
2322,Azerbaijan,1991,38.46,113.5,6.09,3.04
2323,Lithuania,1991,39.08,94.59,5.37,5.73
2324,Spain,1991,41.35,41.14,9.6,2.87
2325,Zimbabwe,1990,1.3,14.96,0.34,0.13
2326,Albania,1990,13.78,45.1,3.65,3.4
2327,Cyprus,1990,15.2,31.43,1.22,5.43
2328,Bosnia and Herzegovina,1990,15.81,50.62,1.83,3.17
2329,New Zealand,1990,18.66,92.01,10.21,3.61
2330,Spain,1990,20.37,28.3,9.36,2.65
2331,Slovenia,1990,20.57,53.89,3.26,5.64
2332,Croatia,1990,21.0,49.95,3.84,4.68
2333,Poland,1990,21.45,60.91,3.97,4.78
2334,Australia,1990,21.6,115.9,5.26,4.22
2335,Tajikistan,1990,25.05,58.63,1.16,1.47
2336,Czechia,1990,27.21,78.01,3.85,5.46
2337,Iceland,1990,28.49,132.69,8.75,9.03
2338,Hungary,1990,29.4,54.42,3.27,2.27
2339,Malaysia,1990,3.93,14.83,0.7,0.83
2340,Finland,1990,30.015,103.09,12.94,8.39
2341,Austria,1990,30.08,40.48,4.54,3.61
2342,Bulgaria,1990,32.3,69.54,4.95,6.92
2343,Sweden,1990,32.49,133.15,5.94,14.32
2344,Denmark,1990,33.3,121.09,6.35,13.08
2345,Republic of Moldova,1990,34.79,108.53,7.59,4.38
2346,Estonia,1990,35.01,87.95,5.9,5.17
2347,Azerbaijan,1990,38.02,111.95,6.25,2.99
2348,Kazakhstan,1990,38.64,95.99,8.5,4.04
2349,Lithuania,1990,40.04,109.9,5.41,6.05
2350,Oman,1990,8.17,23.51,1.4,0.48
2351,Ecuador,1990,9.34,15.61,0.22,1.45
